<?xml version='1.0' encoding='UTF-8'?>
<artifactory-file>
  <repoPath>
    <repoKey>docker-local</repoKey>
    <path>testnew117805/5/manifest.json</path>
    <folder>false</folder>
  </repoPath>
  <name>manifest.json</name>
  <created>1573602489957</created>
  <lastModified>1573602489952</lastModified>
  <size>1790</size>
  <additionalInfo>
    <createdBy>admin</createdBy>
    <modifiedBy>admin</modifiedBy>
    <lastUpdated>1585120118559</lastUpdated>
    <checksumsInfo>
      <checksums>
        <checksum>
          <type>sha1</type>
          <actual>e02df3b8f62bbbd33a3ad11b4d5c99151699d282</actual>
        </checksum>
        <checksum>
          <type>md5</type>
          <actual>e2e18b834c26f3ccde43e43a74b4ea4a</actual>
        </checksum>
        <checksum>
          <type>sha256</type>
          <original>NO_ORIG</original>
          <actual>3da3e1e1e6a0a2981e3fd129853c590e7406c1ac568eedaf376ba644880f1b87</actual>
        </checksum>
      </checksums>
    </checksumsInfo>
  </additionalInfo>
</artifactory-file>