<?xml version='1.0' encoding='UTF-8'?>
<artifactory-file>
  <repoPath>
    <repoKey>docker-local</repoKey>
    <path>registry/latest/manifest.json</path>
    <folder>false</folder>
  </repoPath>
  <name>manifest.json</name>
  <created>1553222728805</created>
  <lastModified>1553222728770</lastModified>
  <size>1363</size>
  <additionalInfo>
    <createdBy>admin</createdBy>
    <modifiedBy>admin</modifiedBy>
    <lastUpdated>1585119944560</lastUpdated>
    <checksumsInfo>
      <checksums>
        <checksum>
          <type>sha1</type>
          <actual>2d1264291c27df4368fc929d66cf8fff0c22c02b</actual>
        </checksum>
        <checksum>
          <type>md5</type>
          <actual>f8efdff132d2d7eecbb9baa349cf4afb</actual>
        </checksum>
        <checksum>
          <type>sha256</type>
          <original>NO_ORIG</original>
          <actual>b3a47e8f41082f4ea57332411ba33abd743a80aced87929ffbb7e5a3098091c0</actual>
        </checksum>
      </checksums>
    </checksumsInfo>
  </additionalInfo>
</artifactory-file>