<?xml version='1.0' encoding='UTF-8'?>
<artifactory-file>
  <repoPath>
    <repoKey>docker-local</repoKey>
    <path>vkbtest/latest/sha256__715d051e4f82d13e35be514e581a04aaf0084694cd3be1f29256c4fa30cdba5c</path>
    <folder>false</folder>
  </repoPath>
  <name>sha256__715d051e4f82d13e35be514e581a04aaf0084694cd3be1f29256c4fa30cdba5c</name>
  <created>1570640208643</created>
  <lastModified>1570640071805</lastModified>
  <size>257272987</size>
  <additionalInfo>
    <createdBy>admin</createdBy>
    <modifiedBy>admin</modifiedBy>
    <lastUpdated>1585120172730</lastUpdated>
    <checksumsInfo>
      <checksums>
        <checksum>
          <type>sha1</type>
          <actual>fbd19ffc3daf1f4e02206980023bb82aa80f6c92</actual>
        </checksum>
        <checksum>
          <type>md5</type>
          <actual>ca4aa2f3ea51ab511755d9e943156efe</actual>
        </checksum>
        <checksum>
          <type>sha256</type>
          <original>NO_ORIG</original>
          <actual>715d051e4f82d13e35be514e581a04aaf0084694cd3be1f29256c4fa30cdba5c</actual>
        </checksum>
      </checksums>
    </checksumsInfo>
  </additionalInfo>
</artifactory-file>