<?xml version='1.0' encoding='UTF-8'?>
<artifactory-file>
  <repoPath>
    <repoKey>docker-local</repoKey>
    <path>registry/latest/sha256__188836fddeeb46dc9540ba4571bbac1e20021f31a0d0ed15d954c30edf450464</path>
    <folder>false</folder>
  </repoPath>
  <name>sha256__188836fddeeb46dc9540ba4571bbac1e20021f31a0d0ed15d954c30edf450464</name>
  <created>1553222728412</created>
  <lastModified>1553222726364</lastModified>
  <size>6823927</size>
  <additionalInfo>
    <createdBy>admin</createdBy>
    <modifiedBy>admin</modifiedBy>
    <lastUpdated>1585119953424</lastUpdated>
    <checksumsInfo>
      <checksums>
        <checksum>
          <type>sha1</type>
          <actual>73ca1e814ab29a60581dcefc553dc9c85517d5cd</actual>
        </checksum>
        <checksum>
          <type>md5</type>
          <actual>ddbd00b41d3532b6907acc06aa060704</actual>
        </checksum>
        <checksum>
          <type>sha256</type>
          <original>NO_ORIG</original>
          <actual>188836fddeeb46dc9540ba4571bbac1e20021f31a0d0ed15d954c30edf450464</actual>
        </checksum>
      </checksums>
    </checksumsInfo>
  </additionalInfo>
</artifactory-file>