<?xml version='1.0' encoding='UTF-8'?>
<artifactory-file>
  <repoPath>
    <repoKey>docker-local</repoKey>
    <path>jfmc-installer/latest/sha256__25466d892a87fbdbdebf96743ed6dab4abea954b7176d84761e900e0ba63de04</path>
    <folder>false</folder>
  </repoPath>
  <name>sha256__25466d892a87fbdbdebf96743ed6dab4abea954b7176d84761e900e0ba63de04</name>
  <created>1521757341347</created>
  <lastModified>1521757341345</lastModified>
  <size>240</size>
  <additionalInfo>
    <createdBy>admin</createdBy>
    <modifiedBy>admin</modifiedBy>
    <lastUpdated>1585119627954</lastUpdated>
    <checksumsInfo>
      <checksums>
        <checksum>
          <type>sha1</type>
          <original>56f8f3b624eb05e4863de4f6996f049c623c4f04</original>
          <actual>56f8f3b624eb05e4863de4f6996f049c623c4f04</actual>
        </checksum>
        <checksum>
          <type>md5</type>
          <original>5f362a3aacd65a47142fa20103eb4ca2</original>
          <actual>5f362a3aacd65a47142fa20103eb4ca2</actual>
        </checksum>
        <checksum>
          <type>sha256</type>
          <original>NO_ORIG</original>
          <actual>25466d892a87fbdbdebf96743ed6dab4abea954b7176d84761e900e0ba63de04</actual>
        </checksum>
      </checksums>
    </checksumsInfo>
  </additionalInfo>
</artifactory-file>