<?xml version='1.0' encoding='UTF-8'?>
<artifactory-file>
  <repoPath>
    <repoKey>docker-local</repoKey>
    <path>mysql/latest/sha256__ece17b689642566282aad3060fc67908d7600c53673ff7e5b3faa3e42c581245</path>
    <folder>false</folder>
  </repoPath>
  <name>sha256__ece17b689642566282aad3060fc67908d7600c53673ff7e5b3faa3e42c581245</name>
  <created>1521665840858</created>
  <lastModified>1521665822809</lastModified>
  <size>83899803</size>
  <additionalInfo>
    <createdBy>admin</createdBy>
    <modifiedBy>admin</modifiedBy>
    <lastUpdated>1585119911702</lastUpdated>
    <checksumsInfo>
      <checksums>
        <checksum>
          <type>sha1</type>
          <original>6f5d55a61acac2c31afb3a62daabbb26e5c4cfc0</original>
          <actual>6f5d55a61acac2c31afb3a62daabbb26e5c4cfc0</actual>
        </checksum>
        <checksum>
          <type>md5</type>
          <original>35b6396a91a10bb8b229a0105c0bae29</original>
          <actual>35b6396a91a10bb8b229a0105c0bae29</actual>
        </checksum>
        <checksum>
          <type>sha256</type>
          <original>NO_ORIG</original>
          <actual>ece17b689642566282aad3060fc67908d7600c53673ff7e5b3faa3e42c581245</actual>
        </checksum>
      </checksums>
    </checksumsInfo>
  </additionalInfo>
</artifactory-file>