<?xml version='1.0' encoding='UTF-8'?>
<artifactory-file>
  <repoPath>
    <repoKey>docker-local</repoKey>
    <path>composer/latest/sha256__a3f2a1640434671ac201f14d75ba5a18a2869bf2882f9e25afd23767c8ea61b0</path>
    <folder>false</folder>
  </repoPath>
  <name>sha256__a3f2a1640434671ac201f14d75ba5a18a2869bf2882f9e25afd23767c8ea61b0</name>
  <created>1521501308554</created>
  <lastModified>1521501308551</lastModified>
  <size>169</size>
  <additionalInfo>
    <createdBy>admin</createdBy>
    <modifiedBy>admin</modifiedBy>
    <lastUpdated>1585119321729</lastUpdated>
    <checksumsInfo>
      <checksums>
        <checksum>
          <type>sha1</type>
          <original>d3bb6bf1d0717c091c70a1f5b250722a5a538a55</original>
          <actual>d3bb6bf1d0717c091c70a1f5b250722a5a538a55</actual>
        </checksum>
        <checksum>
          <type>md5</type>
          <original>c71133cf51fb53afbc862a432d012e46</original>
          <actual>c71133cf51fb53afbc862a432d012e46</actual>
        </checksum>
        <checksum>
          <type>sha256</type>
          <original>NO_ORIG</original>
          <actual>a3f2a1640434671ac201f14d75ba5a18a2869bf2882f9e25afd23767c8ea61b0</actual>
        </checksum>
      </checksums>
    </checksumsInfo>
  </additionalInfo>
</artifactory-file>