<?xml version='1.0' encoding='UTF-8'?>
<artifactory-file>
  <repoPath>
    <repoKey>docker-local</repoKey>
    <path>composer/latest/manifest.json</path>
    <folder>false</folder>
  </repoPath>
  <name>manifest.json</name>
  <created>1521501314859</created>
  <lastModified>1521501314857</lastModified>
  <size>3246</size>
  <additionalInfo>
    <createdBy>admin</createdBy>
    <modifiedBy>admin</modifiedBy>
    <lastUpdated>1585119299269</lastUpdated>
    <checksumsInfo>
      <checksums>
        <checksum>
          <type>sha1</type>
          <original>977f1b87d6594207c3f34b25fec020ac70af665e</original>
          <actual>977f1b87d6594207c3f34b25fec020ac70af665e</actual>
        </checksum>
        <checksum>
          <type>md5</type>
          <original>33c46f2022c40e107c0f7df136e91e03</original>
          <actual>33c46f2022c40e107c0f7df136e91e03</actual>
        </checksum>
        <checksum>
          <type>sha256</type>
          <original>NO_ORIG</original>
          <actual>2265bdbf38d847ee57130addcc21e84ae5f3a5f3ec0f444c3509fc92bfc086b5</actual>
        </checksum>
      </checksums>
    </checksumsInfo>
  </additionalInfo>
</artifactory-file>