<?xml version='1.0' encoding='UTF-8'?>
<artifactory-file>
  <repoPath>
    <repoKey>docker-local</repoKey>
    <path>testnew117805/5/sha256__5daec2aaeb45d609630408bb4514c2e60927f04ecc38e0efe48678b0f6d491e6</path>
    <folder>false</folder>
  </repoPath>
  <name>sha256__5daec2aaeb45d609630408bb4514c2e60927f04ecc38e0efe48678b0f6d491e6</name>
  <created>1573602166452</created>
  <lastModified>1573602152950</lastModified>
  <size>17692808</size>
  <additionalInfo>
    <createdBy>admin</createdBy>
    <modifiedBy>admin</modifiedBy>
    <lastUpdated>1585120120060</lastUpdated>
    <checksumsInfo>
      <checksums>
        <checksum>
          <type>sha1</type>
          <original>NO_ORIG</original>
          <actual>57efe75aa6e14221c312dc884918ab4fedbf6436</actual>
        </checksum>
        <checksum>
          <type>md5</type>
          <original>NO_ORIG</original>
          <actual>5b6ad014aa88fc5f52116eeae68d6d80</actual>
        </checksum>
        <checksum>
          <type>sha256</type>
          <original>NO_ORIG</original>
          <actual>5daec2aaeb45d609630408bb4514c2e60927f04ecc38e0efe48678b0f6d491e6</actual>
        </checksum>
      </checksums>
    </checksumsInfo>
  </additionalInfo>
</artifactory-file>