<?xml version='1.0' encoding='UTF-8'?>
<artifactory-file>
  <repoPath>
    <repoKey>docker-local</repoKey>
    <path>jfmc-installer/latest/sha256__a2149b3f2ac2577562b0a660dad38397370183740530364d4f3e0522df666343</path>
    <folder>false</folder>
  </repoPath>
  <name>sha256__a2149b3f2ac2577562b0a660dad38397370183740530364d4f3e0522df666343</name>
  <created>1521757365132</created>
  <lastModified>1521757347011</lastModified>
  <size>45142935</size>
  <additionalInfo>
    <createdBy>admin</createdBy>
    <modifiedBy>admin</modifiedBy>
    <lastUpdated>1585119677429</lastUpdated>
    <checksumsInfo>
      <checksums>
        <checksum>
          <type>sha1</type>
          <original>294a6c637f9653489f81c1d93fa1045281a23f8d</original>
          <actual>294a6c637f9653489f81c1d93fa1045281a23f8d</actual>
        </checksum>
        <checksum>
          <type>md5</type>
          <original>c92c3c2682acb5566b092e8fd383f589</original>
          <actual>c92c3c2682acb5566b092e8fd383f589</actual>
        </checksum>
        <checksum>
          <type>sha256</type>
          <original>NO_ORIG</original>
          <actual>a2149b3f2ac2577562b0a660dad38397370183740530364d4f3e0522df666343</actual>
        </checksum>
      </checksums>
    </checksumsInfo>
  </additionalInfo>
</artifactory-file>