<?xml version='1.0' encoding='UTF-8'?>
<artifactory-file>
  <repoPath>
    <repoKey>docker-local</repoKey>
    <path>teamcity/latest/sha256__6a4dbcbe964a75651f735ac08873524524848f2d3fe1cab3687349c22edb35d9</path>
    <folder>false</folder>
  </repoPath>
  <name>sha256__6a4dbcbe964a75651f735ac08873524524848f2d3fe1cab3687349c22edb35d9</name>
  <created>1570122231841</created>
  <lastModified>1570122231801</lastModified>
  <size>427</size>
  <additionalInfo>
    <createdBy>admin</createdBy>
    <modifiedBy>admin</modifiedBy>
    <lastUpdated>1585119998006</lastUpdated>
    <checksumsInfo>
      <checksums>
        <checksum>
          <type>sha1</type>
          <actual>f0caa800e11e9f2cbc4a07fc451ee88b443a183f</actual>
        </checksum>
        <checksum>
          <type>md5</type>
          <actual>e8d6da3dbdcd261179f75a3d95629fb3</actual>
        </checksum>
        <checksum>
          <type>sha256</type>
          <original>NO_ORIG</original>
          <actual>6a4dbcbe964a75651f735ac08873524524848f2d3fe1cab3687349c22edb35d9</actual>
        </checksum>
      </checksums>
    </checksumsInfo>
  </additionalInfo>
</artifactory-file>