<?xml version='1.0' encoding='UTF-8'?>
<artifactory-file>
  <repoPath>
    <repoKey>docker-local</repoKey>
    <path>vkbtest/latest/sha256__5a6ceeed8bb273b2e298b53d44811ac5eea02ebfa5b4b49b647d688dcc7f483a</path>
    <folder>false</folder>
  </repoPath>
  <name>sha256__5a6ceeed8bb273b2e298b53d44811ac5eea02ebfa5b4b49b647d688dcc7f483a</name>
  <created>1570640071830</created>
  <lastModified>1570640071814</lastModified>
  <size>2668</size>
  <additionalInfo>
    <createdBy>admin</createdBy>
    <modifiedBy>admin</modifiedBy>
    <lastUpdated>1585120148643</lastUpdated>
    <checksumsInfo>
      <checksums>
        <checksum>
          <type>sha1</type>
          <actual>9f0e378d46b85e350574e992cf395ee39e589283</actual>
        </checksum>
        <checksum>
          <type>md5</type>
          <actual>76f5f9a103ae6bdc42f870abb46f8513</actual>
        </checksum>
        <checksum>
          <type>sha256</type>
          <original>NO_ORIG</original>
          <actual>5a6ceeed8bb273b2e298b53d44811ac5eea02ebfa5b4b49b647d688dcc7f483a</actual>
        </checksum>
      </checksums>
    </checksumsInfo>
  </additionalInfo>
</artifactory-file>