<?xml version='1.0' encoding='UTF-8'?>
<artifactory-file>
  <repoPath>
    <repoKey>docker-local</repoKey>
    <path>jfmc-installer/latest/sha256__0da65c452d32df205a215a7251e8fff1c01c9d1068e9e468d2b34bdc2fc82ed0</path>
    <folder>false</folder>
  </repoPath>
  <name>sha256__0da65c452d32df205a215a7251e8fff1c01c9d1068e9e468d2b34bdc2fc82ed0</name>
  <created>1521757345542</created>
  <lastModified>1521757342400</lastModified>
  <size>4411330</size>
  <additionalInfo>
    <createdBy>admin</createdBy>
    <modifiedBy>admin</modifiedBy>
    <lastUpdated>1585119627188</lastUpdated>
    <checksumsInfo>
      <checksums>
        <checksum>
          <type>sha1</type>
          <original>dbf864758d08a8f19631bd05e1851187e12b2b6e</original>
          <actual>dbf864758d08a8f19631bd05e1851187e12b2b6e</actual>
        </checksum>
        <checksum>
          <type>md5</type>
          <original>c61b037a1c1c7507d392428ef88217ff</original>
          <actual>c61b037a1c1c7507d392428ef88217ff</actual>
        </checksum>
        <checksum>
          <type>sha256</type>
          <original>NO_ORIG</original>
          <actual>0da65c452d32df205a215a7251e8fff1c01c9d1068e9e468d2b34bdc2fc82ed0</actual>
        </checksum>
      </checksums>
    </checksumsInfo>
  </additionalInfo>
</artifactory-file>