<?xml version='1.0' encoding='UTF-8'?>
<artifactory-file>
  <repoPath>
    <repoKey>generic-local</repoKey>
    <path>large.zip</path>
    <folder>false</folder>
  </repoPath>
  <name>large.zip</name>
  <created>1568076546100</created>
  <lastModified>1568076448528</lastModified>
  <size>1061052367</size>
  <additionalInfo>
    <createdBy>admin</createdBy>
    <modifiedBy>admin</modifiedBy>
    <lastUpdated>1585117636750</lastUpdated>
    <checksumsInfo>
      <checksums>
        <checksum>
          <type>sha1</type>
          <actual>7089b1df61ac346cbc0870d5138b3b2440ec9d85</actual>
        </checksum>
        <checksum>
          <type>md5</type>
          <actual>0aaffd38bee64e1a6432795e77c0645c</actual>
        </checksum>
        <checksum>
          <type>sha256</type>
          <original>NO_ORIG</original>
          <actual>790be6f6055b18d1a214186ca346ce1119a9f4d9e697f6f3a8ef1d529d530369</actual>
        </checksum>
      </checksums>
    </checksumsInfo>
  </additionalInfo>
</artifactory-file>