<?xml version='1.0' encoding='UTF-8'?>
<artifactory-file>
  <repoPath>
    <repoKey>docker-local</repoKey>
    <path>jfmc-installer/latest/sha256__69cccd02963b62664108b6759117477906f4574f2b319349281d7cabe5a4e8aa</path>
    <folder>false</folder>
  </repoPath>
  <name>sha256__69cccd02963b62664108b6759117477906f4574f2b319349281d7cabe5a4e8aa</name>
  <created>1517247439427</created>
  <lastModified>1517247406911</lastModified>
  <size>64709058</size>
  <additionalInfo>
    <createdBy>admin</createdBy>
    <modifiedBy>admin</modifiedBy>
    <lastUpdated>1585119660842</lastUpdated>
    <checksumsInfo>
      <checksums>
        <checksum>
          <type>sha1</type>
          <original>f96d46dd80b604060d2cc1c6fdd5eefd24d80c75</original>
          <actual>f96d46dd80b604060d2cc1c6fdd5eefd24d80c75</actual>
        </checksum>
        <checksum>
          <type>md5</type>
          <original>6615a988e7f5b2ab076cc2369b6fe32b</original>
          <actual>6615a988e7f5b2ab076cc2369b6fe32b</actual>
        </checksum>
        <checksum>
          <type>sha256</type>
          <original>NO_ORIG</original>
          <actual>69cccd02963b62664108b6759117477906f4574f2b319349281d7cabe5a4e8aa</actual>
        </checksum>
      </checksums>
    </checksumsInfo>
  </additionalInfo>
</artifactory-file>