<?xml version='1.0' encoding='UTF-8'?>
<artifactory-file>
  <repoPath>
    <repoKey>docker-local</repoKey>
    <path>teamcity/latest/sha256__94e2ed25f0ebe848f90121b52074d2d635ae8d5798c561f863f47cb3dd4498c6</path>
    <folder>false</folder>
  </repoPath>
  <name>sha256__94e2ed25f0ebe848f90121b52074d2d635ae8d5798c561f863f47cb3dd4498c6</name>
  <created>1570122443628</created>
  <lastModified>1570122443574</lastModified>
  <size>7203</size>
  <additionalInfo>
    <createdBy>admin</createdBy>
    <modifiedBy>admin</modifiedBy>
    <lastUpdated>1585120005972</lastUpdated>
    <checksumsInfo>
      <checksums>
        <checksum>
          <type>sha1</type>
          <actual>a8b0c61ad394fab0bd0e166c342ae613999cb93c</actual>
        </checksum>
        <checksum>
          <type>md5</type>
          <actual>a5d0b1cc2b8de69fbd475774d6f784bc</actual>
        </checksum>
        <checksum>
          <type>sha256</type>
          <original>NO_ORIG</original>
          <actual>94e2ed25f0ebe848f90121b52074d2d635ae8d5798c561f863f47cb3dd4498c6</actual>
        </checksum>
      </checksums>
    </checksumsInfo>
  </additionalInfo>
</artifactory-file>