<?xml version='1.0' encoding='UTF-8'?>
<artifactory-file>
  <repoPath>
    <repoKey>docker-local</repoKey>
    <path>mysql/latest/sha256__c55b06e76eaf331abbd7843c2759c0c33b49216acd91a7e54e63eea97be5d6d6</path>
    <folder>false</folder>
  </repoPath>
  <name>sha256__c55b06e76eaf331abbd7843c2759c0c33b49216acd91a7e54e63eea97be5d6d6</name>
  <created>1521665822858</created>
  <lastModified>1521665822854</lastModified>
  <size>2683</size>
  <additionalInfo>
    <createdBy>admin</createdBy>
    <modifiedBy>admin</modifiedBy>
    <lastUpdated>1585119898501</lastUpdated>
    <checksumsInfo>
      <checksums>
        <checksum>
          <type>sha1</type>
          <original>e47e0a16416fd05d202532ee333adcd5aacd04f4</original>
          <actual>e47e0a16416fd05d202532ee333adcd5aacd04f4</actual>
        </checksum>
        <checksum>
          <type>md5</type>
          <original>c8710e88f35f9a9130864acc258ee094</original>
          <actual>c8710e88f35f9a9130864acc258ee094</actual>
        </checksum>
        <checksum>
          <type>sha256</type>
          <original>NO_ORIG</original>
          <actual>c55b06e76eaf331abbd7843c2759c0c33b49216acd91a7e54e63eea97be5d6d6</actual>
        </checksum>
      </checksums>
    </checksumsInfo>
  </additionalInfo>
</artifactory-file>