<?xml version='1.0' encoding='UTF-8'?>
<artifactory-file>
  <repoPath>
    <repoKey>docker-local</repoKey>
    <path>testnew117805/5/sha256__ddf6a24843fe22e18dbe9a6d3b7f929bbd4eb9092a804e46ba9277ffa4c015d1</path>
    <folder>false</folder>
  </repoPath>
  <name>sha256__ddf6a24843fe22e18dbe9a6d3b7f929bbd4eb9092a804e46ba9277ffa4c015d1</name>
  <created>1573602160468</created>
  <lastModified>1573602151666</lastModified>
  <size>29512814</size>
  <additionalInfo>
    <createdBy>admin</createdBy>
    <modifiedBy>admin</modifiedBy>
    <lastUpdated>1585120124579</lastUpdated>
    <checksumsInfo>
      <checksums>
        <checksum>
          <type>sha1</type>
          <original>NO_ORIG</original>
          <actual>3dde37a1dc5aa278892fe1b312ae9dd974044429</actual>
        </checksum>
        <checksum>
          <type>md5</type>
          <original>NO_ORIG</original>
          <actual>6527292efef33cf81f0a350ab2ee1c0c</actual>
        </checksum>
        <checksum>
          <type>sha256</type>
          <original>NO_ORIG</original>
          <actual>ddf6a24843fe22e18dbe9a6d3b7f929bbd4eb9092a804e46ba9277ffa4c015d1</actual>
        </checksum>
      </checksums>
    </checksumsInfo>
  </additionalInfo>
</artifactory-file>