<?xml version='1.0' encoding='UTF-8'?>
<artifactory-file>
  <repoPath>
    <repoKey>docker-local</repoKey>
    <path>catest/2/sha256__92ce0be3943287656c632505d062efd97790fab64ba78ddc09a25e3e116e0609</path>
    <folder>false</folder>
  </repoPath>
  <name>sha256__92ce0be3943287656c632505d062efd97790fab64ba78ddc09a25e3e116e0609</name>
  <created>1584410420690</created>
  <lastModified>1584410420678</lastModified>
  <size>2539</size>
  <additionalInfo>
    <createdBy>mattheww</createdBy>
    <modifiedBy>mattheww</modifiedBy>
    <lastUpdated>1585119279888</lastUpdated>
    <checksumsInfo>
      <checksums>
        <checksum>
          <type>sha1</type>
          <actual>9e5bcc9af52f8175921a21561b6254069e22c8e2</actual>
        </checksum>
        <checksum>
          <type>md5</type>
          <actual>4f2057937c6bc32d6e2bfde69cfa1147</actual>
        </checksum>
        <checksum>
          <type>sha256</type>
          <original>NO_ORIG</original>
          <actual>92ce0be3943287656c632505d062efd97790fab64ba78ddc09a25e3e116e0609</actual>
        </checksum>
      </checksums>
    </checksumsInfo>
  </additionalInfo>
</artifactory-file>