<?xml version='1.0' encoding='UTF-8'?>
<artifactory-file>
  <repoPath>
    <repoKey>docker-local</repoKey>
    <path>vkbtest/latest/sha256__497ef6ea0fac8097af3363a9b9032f0948098a9fa2b9002eb51ac65f2ed29cf6</path>
    <folder>false</folder>
  </repoPath>
  <name>sha256__497ef6ea0fac8097af3363a9b9032f0948098a9fa2b9002eb51ac65f2ed29cf6</name>
  <created>1570640073040</created>
  <lastModified>1570640072749</lastModified>
  <size>180855</size>
  <additionalInfo>
    <createdBy>admin</createdBy>
    <modifiedBy>admin</modifiedBy>
    <lastUpdated>1585120147123</lastUpdated>
    <checksumsInfo>
      <checksums>
        <checksum>
          <type>sha1</type>
          <actual>7e6b0b6bc86034f967eb96c2eb76478c2890ce96</actual>
        </checksum>
        <checksum>
          <type>md5</type>
          <actual>9b4546927a37e78661ec8acc3ff42ab5</actual>
        </checksum>
        <checksum>
          <type>sha256</type>
          <original>NO_ORIG</original>
          <actual>497ef6ea0fac8097af3363a9b9032f0948098a9fa2b9002eb51ac65f2ed29cf6</actual>
        </checksum>
      </checksums>
    </checksumsInfo>
  </additionalInfo>
</artifactory-file>