<?xml version='1.0' encoding='UTF-8'?>
<artifactory-file>
  <repoPath>
    <repoKey>docker-local</repoKey>
    <path>catest/2/manifest.json</path>
    <folder>false</folder>
  </repoPath>
  <name>manifest.json</name>
  <created>1584410421287</created>
  <lastModified>1584410421275</lastModified>
  <size>949</size>
  <additionalInfo>
    <createdBy>mattheww</createdBy>
    <modifiedBy>mattheww</modifiedBy>
    <lastUpdated>1585119276232</lastUpdated>
    <checksumsInfo>
      <checksums>
        <checksum>
          <type>sha1</type>
          <actual>d2e13d05657b46d122d85998d4b4984981398ed0</actual>
        </checksum>
        <checksum>
          <type>md5</type>
          <actual>5d287508ac77bb88e8f95ae8f2aba932</actual>
        </checksum>
        <checksum>
          <type>sha256</type>
          <original>NO_ORIG</original>
          <actual>68960e814bb804aeb50d313c6fc599113b1f9666e4a994076b6fe6a22acf4931</actual>
        </checksum>
      </checksums>
    </checksumsInfo>
  </additionalInfo>
</artifactory-file>