<?xml version='1.0' encoding='UTF-8'?>
<artifactory-file>
  <repoPath>
    <repoKey>docker-local</repoKey>
    <path>jfmc-installer/latest/sha256__62d5fad78eee3ffba3171b1ab9a81b3a550160e4b519b49f7ba29b0e8acd5c18</path>
    <folder>false</folder>
  </repoPath>
  <name>sha256__62d5fad78eee3ffba3171b1ab9a81b3a550160e4b519b49f7ba29b0e8acd5c18</name>
  <created>1521757338234</created>
  <lastModified>1521757338224</lastModified>
  <size>26223</size>
  <additionalInfo>
    <createdBy>admin</createdBy>
    <modifiedBy>admin</modifiedBy>
    <lastUpdated>1585119651685</lastUpdated>
    <checksumsInfo>
      <checksums>
        <checksum>
          <type>sha1</type>
          <original>8ab8653f34180c6cafc34f7410b44ceb69f19e28</original>
          <actual>8ab8653f34180c6cafc34f7410b44ceb69f19e28</actual>
        </checksum>
        <checksum>
          <type>md5</type>
          <original>e6e5f4caca30da6b509793e8f55bc8a8</original>
          <actual>e6e5f4caca30da6b509793e8f55bc8a8</actual>
        </checksum>
        <checksum>
          <type>sha256</type>
          <original>NO_ORIG</original>
          <actual>62d5fad78eee3ffba3171b1ab9a81b3a550160e4b519b49f7ba29b0e8acd5c18</actual>
        </checksum>
      </checksums>
    </checksumsInfo>
  </additionalInfo>
</artifactory-file>