<?xml version='1.0' encoding='UTF-8'?>
<artifactory-file>
  <repoPath>
    <repoKey>docker-local</repoKey>
    <path>composer/latest/sha256__adfedef74549c1568d278d1d0d5af742e1623555d8cb649fbf393aa693b88b6f</path>
    <folder>false</folder>
  </repoPath>
  <name>sha256__adfedef74549c1568d278d1d0d5af742e1623555d8cb649fbf393aa693b88b6f</name>
  <created>1521501307348</created>
  <lastModified>1521501307182</lastModified>
  <size>224445</size>
  <additionalInfo>
    <createdBy>admin</createdBy>
    <modifiedBy>admin</modifiedBy>
    <lastUpdated>1585119323958</lastUpdated>
    <checksumsInfo>
      <checksums>
        <checksum>
          <type>sha1</type>
          <original>df342f9b6d50c8005712e32957a533e06e195aa9</original>
          <actual>df342f9b6d50c8005712e32957a533e06e195aa9</actual>
        </checksum>
        <checksum>
          <type>md5</type>
          <original>78df39b9c76ca13ae8937613bcd3d5d5</original>
          <actual>78df39b9c76ca13ae8937613bcd3d5d5</actual>
        </checksum>
        <checksum>
          <type>sha256</type>
          <original>NO_ORIG</original>
          <actual>adfedef74549c1568d278d1d0d5af742e1623555d8cb649fbf393aa693b88b6f</actual>
        </checksum>
      </checksums>
    </checksumsInfo>
  </additionalInfo>
</artifactory-file>