<?xml version='1.0' encoding='UTF-8'?>
<artifactory-file>
  <repoPath>
    <repoKey>docker-local</repoKey>
    <path>jfmc-installer/latest/sha256__80c75070c8d0d76a58ba3be6f813915ede9a3e6d97e5a40f286b42d817f317df</path>
    <folder>false</folder>
  </repoPath>
  <name>sha256__80c75070c8d0d76a58ba3be6f813915ede9a3e6d97e5a40f286b42d817f317df</name>
  <created>1521757340030</created>
  <lastModified>1521757338091</lastModified>
  <size>7864336</size>
  <additionalInfo>
    <createdBy>admin</createdBy>
    <modifiedBy>admin</modifiedBy>
    <lastUpdated>1585119667154</lastUpdated>
    <checksumsInfo>
      <checksums>
        <checksum>
          <type>sha1</type>
          <original>5d67f060fd11572cd373bfd37559291bc987bdd8</original>
          <actual>5d67f060fd11572cd373bfd37559291bc987bdd8</actual>
        </checksum>
        <checksum>
          <type>md5</type>
          <original>0f9f79f97c931949cea6460f80b92719</original>
          <actual>0f9f79f97c931949cea6460f80b92719</actual>
        </checksum>
        <checksum>
          <type>sha256</type>
          <original>NO_ORIG</original>
          <actual>80c75070c8d0d76a58ba3be6f813915ede9a3e6d97e5a40f286b42d817f317df</actual>
        </checksum>
      </checksums>
    </checksumsInfo>
  </additionalInfo>
</artifactory-file>