<?xml version='1.0' encoding='UTF-8'?>
<artifactory-file>
  <repoPath>
    <repoKey>docker-local</repoKey>
    <path>registry/latest/sha256__8327445377470a020be1cda0a9c0c3ee75a66cf28d2db41494db02651ecd50a7</path>
    <folder>false</folder>
  </repoPath>
  <name>sha256__8327445377470a020be1cda0a9c0c3ee75a66cf28d2db41494db02651ecd50a7</name>
  <created>1553222726437</created>
  <lastModified>1553222726369</lastModified>
  <size>370</size>
  <additionalInfo>
    <createdBy>admin</createdBy>
    <modifiedBy>admin</modifiedBy>
    <lastUpdated>1585119954933</lastUpdated>
    <checksumsInfo>
      <checksums>
        <checksum>
          <type>sha1</type>
          <actual>e49f6c7960963397d1ef6b0450ef2e9e0e1312c1</actual>
        </checksum>
        <checksum>
          <type>md5</type>
          <actual>ed3bdacabefb58c9ddf2d77108ea75b7</actual>
        </checksum>
        <checksum>
          <type>sha256</type>
          <original>NO_ORIG</original>
          <actual>8327445377470a020be1cda0a9c0c3ee75a66cf28d2db41494db02651ecd50a7</actual>
        </checksum>
      </checksums>
    </checksumsInfo>
  </additionalInfo>
</artifactory-file>