<?xml version='1.0' encoding='UTF-8'?>
<artifactory-file>
  <repoPath>
    <repoKey>docker-local</repoKey>
    <path>openjdk/latest/sha256__5cf4d0631bf4e4c98ff5629cdf7958d9db134bbabd5a323f89f8fd783ca4c524</path>
    <folder>false</folder>
  </repoPath>
  <name>sha256__5cf4d0631bf4e4c98ff5629cdf7958d9db134bbabd5a323f89f8fd783ca4c524</name>
  <created>1585118980671</created>
  <lastModified>1585118909065</lastModified>
  <size>14793038</size>
  <additionalInfo>
    <createdBy>admin</createdBy>
    <modifiedBy>admin</modifiedBy>
    <lastUpdated>1585118980672</lastUpdated>
    <checksumsInfo>
      <checksums>
        <checksum>
          <type>sha1</type>
          <actual>f9c10cd43629a29d38a921a6374e758e64abcb99</actual>
        </checksum>
        <checksum>
          <type>md5</type>
          <actual>f93848e710f21b8af95dd74c098ff9c5</actual>
        </checksum>
        <checksum>
          <type>sha256</type>
          <original>NO_ORIG</original>
          <actual>5cf4d0631bf4e4c98ff5629cdf7958d9db134bbabd5a323f89f8fd783ca4c524</actual>
        </checksum>
      </checksums>
    </checksumsInfo>
  </additionalInfo>
</artifactory-file>