<?xml version='1.0' encoding='UTF-8'?>
<artifactory-file>
  <repoPath>
    <repoKey>docker-local</repoKey>
    <path>vkbtest/latest/sha256__ee720ba20823ba4560916cf32bc06c5e31c230cb76f641be4a5fbfc7754d7574</path>
    <folder>false</folder>
  </repoPath>
  <name>sha256__ee720ba20823ba4560916cf32bc06c5e31c230cb76f641be4a5fbfc7754d7574</name>
  <created>1570640073859</created>
  <lastModified>1570640073767</lastModified>
  <size>4832</size>
  <additionalInfo>
    <createdBy>admin</createdBy>
    <modifiedBy>admin</modifiedBy>
    <lastUpdated>1585120197796</lastUpdated>
    <checksumsInfo>
      <checksums>
        <checksum>
          <type>sha1</type>
          <actual>079797d10d8b3b754e92addfdf15699ff4a5f78d</actual>
        </checksum>
        <checksum>
          <type>md5</type>
          <actual>e961ae42b6ce64cc562e384ee16c8d0a</actual>
        </checksum>
        <checksum>
          <type>sha256</type>
          <original>NO_ORIG</original>
          <actual>ee720ba20823ba4560916cf32bc06c5e31c230cb76f641be4a5fbfc7754d7574</actual>
        </checksum>
      </checksums>
    </checksumsInfo>
  </additionalInfo>
</artifactory-file>