<?xml version='1.0' encoding='UTF-8'?>
<artifactory-file>
  <repoPath>
    <repoKey>docker-local</repoKey>
    <path>testnew117805/5/sha256__a386e5a703815fc00b5e6116f2e0ca325cebe492406228da8351539c0eb6c578</path>
    <folder>false</folder>
  </repoPath>
  <name>sha256__a386e5a703815fc00b5e6116f2e0ca325cebe492406228da8351539c0eb6c578</name>
  <created>1573602160693</created>
  <lastModified>1573602151673</lastModified>
  <size>2978247</size>
  <additionalInfo>
    <createdBy>admin</createdBy>
    <modifiedBy>admin</modifiedBy>
    <lastUpdated>1585120123834</lastUpdated>
    <checksumsInfo>
      <checksums>
        <checksum>
          <type>sha1</type>
          <original>NO_ORIG</original>
          <actual>2a94f7ef55841225676236db3873506d9feebe4d</actual>
        </checksum>
        <checksum>
          <type>md5</type>
          <original>NO_ORIG</original>
          <actual>6a61b776ca0040971e779102eda306ce</actual>
        </checksum>
        <checksum>
          <type>sha256</type>
          <original>NO_ORIG</original>
          <actual>a386e5a703815fc00b5e6116f2e0ca325cebe492406228da8351539c0eb6c578</actual>
        </checksum>
      </checksums>
    </checksumsInfo>
  </additionalInfo>
</artifactory-file>