<?xml version='1.0' encoding='UTF-8'?>
<artifactory-file>
  <repoPath>
    <repoKey>docker-local</repoKey>
    <path>composer/latest/sha256__70f0c1f6fed999e81ffd591c25ae6a8c4dd6579d2a43a37b7b61102d7330fdbe</path>
    <folder>false</folder>
  </repoPath>
  <name>sha256__70f0c1f6fed999e81ffd591c25ae6a8c4dd6579d2a43a37b7b61102d7330fdbe</name>
  <created>1521501307556</created>
  <lastModified>1521501307554</lastModified>
  <size>499</size>
  <additionalInfo>
    <createdBy>admin</createdBy>
    <modifiedBy>admin</modifiedBy>
    <lastUpdated>1585119319456</lastUpdated>
    <checksumsInfo>
      <checksums>
        <checksum>
          <type>sha1</type>
          <original>e182e572a6741b95571aef0455363159083e4ff7</original>
          <actual>e182e572a6741b95571aef0455363159083e4ff7</actual>
        </checksum>
        <checksum>
          <type>md5</type>
          <original>81040e6085846acc9a55f57e74f87388</original>
          <actual>81040e6085846acc9a55f57e74f87388</actual>
        </checksum>
        <checksum>
          <type>sha256</type>
          <original>NO_ORIG</original>
          <actual>70f0c1f6fed999e81ffd591c25ae6a8c4dd6579d2a43a37b7b61102d7330fdbe</actual>
        </checksum>
      </checksums>
    </checksumsInfo>
  </additionalInfo>
</artifactory-file>