<?xml version='1.0' encoding='UTF-8'?>
<artifactory-file>
  <repoPath>
    <repoKey>docker-local</repoKey>
    <path>jfmc-installer/latest/sha256__677a07fddbf46c65af65f5333e7b6939e41bde5674cfdfc503af3a44ed4d8bec</path>
    <folder>false</folder>
  </repoPath>
  <name>sha256__677a07fddbf46c65af65f5333e7b6939e41bde5674cfdfc503af3a44ed4d8bec</name>
  <created>1521757380270</created>
  <lastModified>1521757380265</lastModified>
  <size>10989</size>
  <additionalInfo>
    <createdBy>admin</createdBy>
    <modifiedBy>admin</modifiedBy>
    <lastUpdated>1585119652931</lastUpdated>
    <checksumsInfo>
      <checksums>
        <checksum>
          <type>sha1</type>
          <original>e8990e990627eebc4c73f9a5539337fcab40306e</original>
          <actual>e8990e990627eebc4c73f9a5539337fcab40306e</actual>
        </checksum>
        <checksum>
          <type>md5</type>
          <original>f5bddb5de1499842ed10f2a7b1a09ec4</original>
          <actual>f5bddb5de1499842ed10f2a7b1a09ec4</actual>
        </checksum>
        <checksum>
          <type>sha256</type>
          <original>NO_ORIG</original>
          <actual>677a07fddbf46c65af65f5333e7b6939e41bde5674cfdfc503af3a44ed4d8bec</actual>
        </checksum>
      </checksums>
    </checksumsInfo>
  </additionalInfo>
</artifactory-file>