<?xml version='1.0' encoding='UTF-8'?>
<artifactory-file>
  <repoPath>
    <repoKey>docker-local</repoKey>
    <path>jfmc-installer/latest/sha256__ada3a963007075e62653d4fb971fcc772323bca6f3b1d30e4a108daf2478b443</path>
    <folder>false</folder>
  </repoPath>
  <name>sha256__ada3a963007075e62653d4fb971fcc772323bca6f3b1d30e4a108daf2478b443</name>
  <created>1521757340824</created>
  <lastModified>1521757340821</lastModified>
  <size>131</size>
  <additionalInfo>
    <createdBy>admin</createdBy>
    <modifiedBy>admin</modifiedBy>
    <lastUpdated>1585119678956</lastUpdated>
    <checksumsInfo>
      <checksums>
        <checksum>
          <type>sha1</type>
          <original>5039d189e3bad29a9cedb1a1ebacad23d6128bd5</original>
          <actual>5039d189e3bad29a9cedb1a1ebacad23d6128bd5</actual>
        </checksum>
        <checksum>
          <type>md5</type>
          <original>d34b8cd345204cae5402eaa8e3453d4c</original>
          <actual>d34b8cd345204cae5402eaa8e3453d4c</actual>
        </checksum>
        <checksum>
          <type>sha256</type>
          <original>NO_ORIG</original>
          <actual>ada3a963007075e62653d4fb971fcc772323bca6f3b1d30e4a108daf2478b443</actual>
        </checksum>
      </checksums>
    </checksumsInfo>
  </additionalInfo>
</artifactory-file>