<?xml version='1.0' encoding='UTF-8'?>
<artifactory-file>
  <repoPath>
    <repoKey>generic-local</repoKey>
    <path>pesari.mp4</path>
    <folder>false</folder>
  </repoPath>
  <name>pesari.mp4</name>
  <created>1568079008410</created>
  <lastModified>1568078994976</lastModified>
  <size>565554649</size>
  <additionalInfo>
    <createdBy>admin</createdBy>
    <modifiedBy>admin</modifiedBy>
    <lastUpdated>1585117685055</lastUpdated>
    <checksumsInfo>
      <checksums>
        <checksum>
          <type>sha1</type>
          <original>048baae47635acc10f1a5d99395eda9bfedee09d</original>
          <actual>048baae47635acc10f1a5d99395eda9bfedee09d</actual>
        </checksum>
        <checksum>
          <type>md5</type>
          <original>ee92449cc11c39934ecf69b90996c4d3</original>
          <actual>ee92449cc11c39934ecf69b90996c4d3</actual>
        </checksum>
        <checksum>
          <type>sha256</type>
          <original>NO_ORIG</original>
          <actual>381ce12018d070d627bcf418d0fef26de908273c81b7785f52eece195e08dacc</actual>
        </checksum>
      </checksums>
    </checksumsInfo>
  </additionalInfo>
</artifactory-file>