<?xml version='1.0' encoding='UTF-8'?>
<artifactory-file>
  <repoPath>
    <repoKey>docker-local</repoKey>
    <path>jfmc-installer/latest/sha256__a1c1ccd82e58f88378b474708310bfbee2259f7c99c0dcf81d72d6df1cbe3b25</path>
    <folder>false</folder>
  </repoPath>
  <name>sha256__a1c1ccd82e58f88378b474708310bfbee2259f7c99c0dcf81d72d6df1cbe3b25</name>
  <created>1521757354558</created>
  <lastModified>1521757344722</lastModified>
  <size>11107641</size>
  <additionalInfo>
    <createdBy>admin</createdBy>
    <modifiedBy>admin</modifiedBy>
    <lastUpdated>1585119670929</lastUpdated>
    <checksumsInfo>
      <checksums>
        <checksum>
          <type>sha1</type>
          <original>498f1fa6354e861ce8d7bf9569ded2456c677f07</original>
          <actual>498f1fa6354e861ce8d7bf9569ded2456c677f07</actual>
        </checksum>
        <checksum>
          <type>md5</type>
          <original>4ee7d83f2f759c1083fcddc8a6d01d0e</original>
          <actual>4ee7d83f2f759c1083fcddc8a6d01d0e</actual>
        </checksum>
        <checksum>
          <type>sha256</type>
          <original>NO_ORIG</original>
          <actual>a1c1ccd82e58f88378b474708310bfbee2259f7c99c0dcf81d72d6df1cbe3b25</actual>
        </checksum>
      </checksums>
    </checksumsInfo>
  </additionalInfo>
</artifactory-file>