<?xml version='1.0' encoding='UTF-8'?>
<artifactory-file>
  <repoPath>
    <repoKey>docker-local</repoKey>
    <path>mysql/latest/sha256__17e372a8ec9067cb29ec4d80bd48dbee77848d1a394f8ba2c24cf28215480dd7</path>
    <folder>false</folder>
  </repoPath>
  <name>sha256__17e372a8ec9067cb29ec4d80bd48dbee77848d1a394f8ba2c24cf28215480dd7</name>
  <created>1521665833874</created>
  <lastModified>1521665833865</lastModified>
  <size>1750</size>
  <additionalInfo>
    <createdBy>admin</createdBy>
    <modifiedBy>admin</modifiedBy>
    <lastUpdated>1585119882349</lastUpdated>
    <checksumsInfo>
      <checksums>
        <checksum>
          <type>sha1</type>
          <original>34f8f3719f5127d78b299773c1633647dd955e01</original>
          <actual>34f8f3719f5127d78b299773c1633647dd955e01</actual>
        </checksum>
        <checksum>
          <type>md5</type>
          <original>da3ebf130f9607cd0e88ff357b22988a</original>
          <actual>da3ebf130f9607cd0e88ff357b22988a</actual>
        </checksum>
        <checksum>
          <type>sha256</type>
          <original>NO_ORIG</original>
          <actual>17e372a8ec9067cb29ec4d80bd48dbee77848d1a394f8ba2c24cf28215480dd7</actual>
        </checksum>
      </checksums>
    </checksumsInfo>
  </additionalInfo>
</artifactory-file>