<?xml version='1.0' encoding='UTF-8'?>
<artifactory-file>
  <repoPath>
    <repoKey>docker-local</repoKey>
    <path>jfmc-installer/latest/manifest.json</path>
    <folder>false</folder>
  </repoPath>
  <name>manifest.json</name>
  <created>1521757380394</created>
  <lastModified>1521757380392</lastModified>
  <size>4102</size>
  <additionalInfo>
    <createdBy>admin</createdBy>
    <modifiedBy>admin</modifiedBy>
    <lastUpdated>1585119620244</lastUpdated>
    <checksumsInfo>
      <checksums>
        <checksum>
          <type>sha1</type>
          <original>8963c00bfb9666e4481236eb81f950b53286865b</original>
          <actual>8963c00bfb9666e4481236eb81f950b53286865b</actual>
        </checksum>
        <checksum>
          <type>md5</type>
          <original>6ba1436622d7fd150eba8bdb949394d5</original>
          <actual>6ba1436622d7fd150eba8bdb949394d5</actual>
        </checksum>
        <checksum>
          <type>sha256</type>
          <original>NO_ORIG</original>
          <actual>4ee1635286c6e3f34dbc727edef1e6da85466ae008b0c58692671627e22e85dc</actual>
        </checksum>
      </checksums>
    </checksumsInfo>
  </additionalInfo>
</artifactory-file>