<?xml version='1.0' encoding='UTF-8'?>
<artifactory-file>
  <repoPath>
    <repoKey>docker-local</repoKey>
    <path>nugettest/latest/sha256__8a532469799e09ef8e1b56ebe39b87c8b9630c53e86380c13fbf46a09e51170e</path>
    <folder>false</folder>
  </repoPath>
  <name>sha256__8a532469799e09ef8e1b56ebe39b87c8b9630c53e86380c13fbf46a09e51170e</name>
  <created>1583438899418</created>
  <lastModified>1583438891324</lastModified>
  <size>27079105</size>
  <additionalInfo>
    <createdBy>mattheww</createdBy>
    <modifiedBy>mattheww</modifiedBy>
    <lastUpdated>1585119929882</lastUpdated>
    <checksumsInfo>
      <checksums>
        <checksum>
          <type>sha1</type>
          <actual>a3aa9a9fe0b51058fb320fd409090695bd4f8b3e</actual>
        </checksum>
        <checksum>
          <type>md5</type>
          <actual>9ac77948695350f8a0e81a6627f1ba86</actual>
        </checksum>
        <checksum>
          <type>sha256</type>
          <original>NO_ORIG</original>
          <actual>8a532469799e09ef8e1b56ebe39b87c8b9630c53e86380c13fbf46a09e51170e</actual>
        </checksum>
      </checksums>
    </checksumsInfo>
  </additionalInfo>
</artifactory-file>