<?xml version='1.0' encoding='UTF-8'?>
<artifactory-file>
  <repoPath>
    <repoKey>docker-local</repoKey>
    <path>registry/latest/sha256__d0eed8dad114db55d81c870efb8c148026da4a0f61dc7710c053da55f9604849</path>
    <folder>false</folder>
  </repoPath>
  <name>sha256__d0eed8dad114db55d81c870efb8c148026da4a0f61dc7710c053da55f9604849</name>
  <created>1553222728530</created>
  <lastModified>1553222728525</lastModified>
  <size>3168</size>
  <additionalInfo>
    <createdBy>admin</createdBy>
    <modifiedBy>admin</modifiedBy>
    <lastUpdated>1585119955692</lastUpdated>
    <checksumsInfo>
      <checksums>
        <checksum>
          <type>sha1</type>
          <actual>1847daa7e71d19f73427d5b2b54c619cdaf6ce15</actual>
        </checksum>
        <checksum>
          <type>md5</type>
          <actual>2c8888c37b1ddb0d9d7cd8ede47ef35a</actual>
        </checksum>
        <checksum>
          <type>sha256</type>
          <original>NO_ORIG</original>
          <actual>d0eed8dad114db55d81c870efb8c148026da4a0f61dc7710c053da55f9604849</actual>
        </checksum>
      </checksums>
    </checksumsInfo>
  </additionalInfo>
</artifactory-file>