<?xml version='1.0' encoding='UTF-8'?>
<artifactory-file>
  <repoPath>
    <repoKey>docker-local</repoKey>
    <path>large10gpart1/latest/manifest.json</path>
    <folder>false</folder>
  </repoPath>
  <name>manifest.json</name>
  <created>1576618997864</created>
  <lastModified>1576618997850</lastModified>
  <size>2407</size>
  <additionalInfo>
    <createdBy>admin</createdBy>
    <modifiedBy>admin</modifiedBy>
    <lastUpdated>1585119741111</lastUpdated>
    <checksumsInfo>
      <checksums>
        <checksum>
          <type>sha1</type>
          <actual>82061ce74638991ddc2762071f33cab587bc1672</actual>
        </checksum>
        <checksum>
          <type>md5</type>
          <actual>675e2a5ea300eaf4d88d85f1c246117f</actual>
        </checksum>
        <checksum>
          <type>sha256</type>
          <original>NO_ORIG</original>
          <actual>21ea654555101fa7083c7d772532e09c49b7806e9ffe6043b7c54878a282f883</actual>
        </checksum>
      </checksums>
    </checksumsInfo>
  </additionalInfo>
</artifactory-file>