<?xml version='1.0' encoding='UTF-8'?>
<properties>
  <docker.manifest>latest</docker.manifest>
  <sha256>21ea654555101fa7083c7d772532e09c49b7806e9ffe6043b7c54878a282f883</sha256>
  <build.timestamp>1576618997960</build.timestamp>
  <docker.repoName>large10gpart1</docker.repoName>
  <build.name>dockertestsai2</build.name>
  <build.number>1</build.number>
  <docker.manifest.digest>sha256:21ea654555101fa7083c7d772532e09c49b7806e9ffe6043b7c54878a282f883</docker.manifest.digest>
  <docker.manifest.type>application/vnd.docker.distribution.manifest.v2+json</docker.manifest.type>
</properties>