<?xml version='1.0' encoding='UTF-8'?>
<artifactory-file>
  <repoPath>
    <repoKey>docker-local</repoKey>
    <path>teamcity/latest/sha256__a0c934d2565ddc9598089e06006d5a358db0b659c6a23c7619c04aa145966c10</path>
    <folder>false</folder>
  </repoPath>
  <name>sha256__a0c934d2565ddc9598089e06006d5a358db0b659c6a23c7619c04aa145966c10</name>
  <created>1570122238146</created>
  <lastModified>1570122235396</lastModified>
  <size>599182</size>
  <additionalInfo>
    <createdBy>admin</createdBy>
    <modifiedBy>admin</modifiedBy>
    <lastUpdated>1585120008445</lastUpdated>
    <checksumsInfo>
      <checksums>
        <checksum>
          <type>sha1</type>
          <actual>7b5dd73588a715c7ea7ba918895e0158332a7254</actual>
        </checksum>
        <checksum>
          <type>md5</type>
          <actual>36775a27ad6ca96a69ce7213e65b8ceb</actual>
        </checksum>
        <checksum>
          <type>sha256</type>
          <original>NO_ORIG</original>
          <actual>a0c934d2565ddc9598089e06006d5a358db0b659c6a23c7619c04aa145966c10</actual>
        </checksum>
      </checksums>
    </checksumsInfo>
  </additionalInfo>
</artifactory-file>