<?xml version='1.0' encoding='UTF-8'?>
<artifactory-file>
  <repoPath>
    <repoKey>docker-local</repoKey>
    <path>testnew117805/5/sha256__241b9fa1dd50f0d724ff747ca16601894451c18ed93dbbed71ca55ee5e1713a0</path>
    <folder>false</folder>
  </repoPath>
  <name>sha256__241b9fa1dd50f0d724ff747ca16601894451c18ed93dbbed71ca55ee5e1713a0</name>
  <created>1573602167602</created>
  <lastModified>1573602167561</lastModified>
  <size>4253</size>
  <additionalInfo>
    <createdBy>admin</createdBy>
    <modifiedBy>admin</modifiedBy>
    <lastUpdated>1585120119308</lastUpdated>
    <checksumsInfo>
      <checksums>
        <checksum>
          <type>sha1</type>
          <actual>cb80884eedeea5ab4ac35f9e76052485d30af2e4</actual>
        </checksum>
        <checksum>
          <type>md5</type>
          <actual>f7a24652ebca5e678a28db939275546b</actual>
        </checksum>
        <checksum>
          <type>sha256</type>
          <original>NO_ORIG</original>
          <actual>241b9fa1dd50f0d724ff747ca16601894451c18ed93dbbed71ca55ee5e1713a0</actual>
        </checksum>
      </checksums>
    </checksumsInfo>
  </additionalInfo>
</artifactory-file>