<?xml version='1.0' encoding='UTF-8'?>
<artifactory-file>
  <repoPath>
    <repoKey>docker-local</repoKey>
    <path>large10gpart1/latest/sha256__a894b6b30d238605a2a8e5793bad1ce92f524a7ce5f72b49cebe7bdd94b7a21d</path>
    <folder>false</folder>
  </repoPath>
  <name>sha256__a894b6b30d238605a2a8e5793bad1ce92f524a7ce5f72b49cebe7bdd94b7a21d</name>
  <created>1576618979060</created>
  <lastModified>1576618916146</lastModified>
  <size>20526411</size>
  <additionalInfo>
    <createdBy>admin</createdBy>
    <modifiedBy>admin</modifiedBy>
    <lastUpdated>1585119753002</lastUpdated>
    <checksumsInfo>
      <checksums>
        <checksum>
          <type>sha1</type>
          <actual>eb7a947a3f207af42e6524967e96182cab4bb23b</actual>
        </checksum>
        <checksum>
          <type>md5</type>
          <actual>fa72eee7a0c5ba4d2aecd6eb1c49c24f</actual>
        </checksum>
        <checksum>
          <type>sha256</type>
          <original>NO_ORIG</original>
          <actual>a894b6b30d238605a2a8e5793bad1ce92f524a7ce5f72b49cebe7bdd94b7a21d</actual>
        </checksum>
      </checksums>
    </checksumsInfo>
  </additionalInfo>
</artifactory-file>