<?xml version='1.0' encoding='UTF-8'?>
<artifactory-file>
  <repoPath>
    <repoKey>docker-local</repoKey>
    <path>mysql/latest/sha256__d6af16572c5ca6b10d9cb35f8c875ba1e67772fa4c391c9ac860022896c7bc5a</path>
    <folder>false</folder>
  </repoPath>
  <name>sha256__d6af16572c5ca6b10d9cb35f8c875ba1e67772fa4c391c9ac860022896c7bc5a</name>
  <created>1521665823538</created>
  <lastModified>1521665823536</lastModified>
  <size>115</size>
  <additionalInfo>
    <createdBy>admin</createdBy>
    <modifiedBy>admin</modifiedBy>
    <lastUpdated>1585119901988</lastUpdated>
    <checksumsInfo>
      <checksums>
        <checksum>
          <type>sha1</type>
          <original>3c021c07a0918a2168c0dbeddb560068f93ed72c</original>
          <actual>3c021c07a0918a2168c0dbeddb560068f93ed72c</actual>
        </checksum>
        <checksum>
          <type>md5</type>
          <original>c367fe8298341b510e478aebd4296037</original>
          <actual>c367fe8298341b510e478aebd4296037</actual>
        </checksum>
        <checksum>
          <type>sha256</type>
          <original>NO_ORIG</original>
          <actual>d6af16572c5ca6b10d9cb35f8c875ba1e67772fa4c391c9ac860022896c7bc5a</actual>
        </checksum>
      </checksums>
    </checksumsInfo>
  </additionalInfo>
</artifactory-file>