<?xml version='1.0' encoding='UTF-8'?>
<artifactory-file>
  <repoPath>
    <repoKey>docker-local</repoKey>
    <path>ubuntu/bionic/sha256__4c108a37151f54439950335c409802e948883e00c93fdb751d206c9a9674c1f6</path>
    <folder>false</folder>
  </repoPath>
  <name>sha256__4c108a37151f54439950335c409802e948883e00c93fdb751d206c9a9674c1f6</name>
  <created>1585118833799</created>
  <lastModified>1585118833794</lastModified>
  <size>3410</size>
  <additionalInfo>
    <createdBy>admin</createdBy>
    <modifiedBy>admin</modifiedBy>
    <lastUpdated>1585118833800</lastUpdated>
    <checksumsInfo>
      <checksums>
        <checksum>
          <type>sha1</type>
          <actual>d9e41886a3434a209bba3a401e30759ec570470e</actual>
        </checksum>
        <checksum>
          <type>md5</type>
          <actual>1d4bd6bc619153db4010511f17cc9d7d</actual>
        </checksum>
        <checksum>
          <type>sha256</type>
          <original>NO_ORIG</original>
          <actual>4c108a37151f54439950335c409802e948883e00c93fdb751d206c9a9674c1f6</actual>
        </checksum>
      </checksums>
    </checksumsInfo>
  </additionalInfo>
</artifactory-file>