<?xml version='1.0' encoding='UTF-8'?>
<artifactory-file>
  <repoPath>
    <repoKey>docker-local</repoKey>
    <path>composer/latest/sha256__eb51af638ce671baeaf2e70b2c45e7106b1deb34295e17b52c4c85e1aa028c42</path>
    <folder>false</folder>
  </repoPath>
  <name>sha256__eb51af638ce671baeaf2e70b2c45e7106b1deb34295e17b52c4c85e1aa028c42</name>
  <created>1521501307321</created>
  <lastModified>1521501307302</lastModified>
  <size>535</size>
  <additionalInfo>
    <createdBy>admin</createdBy>
    <modifiedBy>admin</modifiedBy>
    <lastUpdated>1585119329256</lastUpdated>
    <checksumsInfo>
      <checksums>
        <checksum>
          <type>sha1</type>
          <original>e00b33a487762a9b1eedef4b8d35b36470e62033</original>
          <actual>e00b33a487762a9b1eedef4b8d35b36470e62033</actual>
        </checksum>
        <checksum>
          <type>md5</type>
          <original>f6de441b854a8b5ec3af22ad3985e70c</original>
          <actual>f6de441b854a8b5ec3af22ad3985e70c</actual>
        </checksum>
        <checksum>
          <type>sha256</type>
          <original>NO_ORIG</original>
          <actual>eb51af638ce671baeaf2e70b2c45e7106b1deb34295e17b52c4c85e1aa028c42</actual>
        </checksum>
      </checksums>
    </checksumsInfo>
  </additionalInfo>
</artifactory-file>