<?xml version='1.0' encoding='UTF-8'?>
<artifactory-file>
  <repoPath>
    <repoKey>docker-local</repoKey>
    <path>registry/latest/sha256__046e2d030894bf549c6d587edae9ec017659e4e32d08b82431245b3ae719bd95</path>
    <folder>false</folder>
  </repoPath>
  <name>sha256__046e2d030894bf549c6d587edae9ec017659e4e32d08b82431245b3ae719bd95</name>
  <created>1553222726889</created>
  <lastModified>1553222726364</lastModified>
  <size>627140</size>
  <additionalInfo>
    <createdBy>admin</createdBy>
    <modifiedBy>admin</modifiedBy>
    <lastUpdated>1585119947016</lastUpdated>
    <checksumsInfo>
      <checksums>
        <checksum>
          <type>sha1</type>
          <actual>189a2824a16df14c6fc3e9f8cb873aecfa13cbee</actual>
        </checksum>
        <checksum>
          <type>md5</type>
          <actual>0afe9d978677874ad50d2e7556b5cc13</actual>
        </checksum>
        <checksum>
          <type>sha256</type>
          <original>NO_ORIG</original>
          <actual>046e2d030894bf549c6d587edae9ec017659e4e32d08b82431245b3ae719bd95</actual>
        </checksum>
      </checksums>
    </checksumsInfo>
  </additionalInfo>
</artifactory-file>