<?xml version='1.0' encoding='UTF-8'?>
<artifactory-file>
  <repoPath>
    <repoKey>docker-local</repoKey>
    <path>jfmc-installer/latest/sha256__b934a5046a4f3a29832f4608a9fc641c1b310df765b960786d8c1e0fcc56bdf2</path>
    <folder>false</folder>
  </repoPath>
  <name>sha256__b934a5046a4f3a29832f4608a9fc641c1b310df765b960786d8c1e0fcc56bdf2</name>
  <created>1521757353241</created>
  <lastModified>1521757338094</lastModified>
  <size>38952355</size>
  <additionalInfo>
    <createdBy>admin</createdBy>
    <modifiedBy>admin</modifiedBy>
    <lastUpdated>1585119684834</lastUpdated>
    <checksumsInfo>
      <checksums>
        <checksum>
          <type>sha1</type>
          <original>1c9685b60f065810da033220b1368094dca038ae</original>
          <actual>1c9685b60f065810da033220b1368094dca038ae</actual>
        </checksum>
        <checksum>
          <type>md5</type>
          <original>501e09ea615b9dd2298fcee589ec7892</original>
          <actual>501e09ea615b9dd2298fcee589ec7892</actual>
        </checksum>
        <checksum>
          <type>sha256</type>
          <original>NO_ORIG</original>
          <actual>b934a5046a4f3a29832f4608a9fc641c1b310df765b960786d8c1e0fcc56bdf2</actual>
        </checksum>
      </checksums>
    </checksumsInfo>
  </additionalInfo>
</artifactory-file>