<?xml version='1.0' encoding='UTF-8'?>
<artifactory-file>
  <repoPath>
    <repoKey>generic-local</repoKey>
    <path>appengine-api-1.0-sdk-1.3.8.jar</path>
    <folder>false</folder>
  </repoPath>
  <name>appengine-api-1.0-sdk-1.3.8.jar</name>
  <created>1576866076801</created>
  <lastModified>1576866004019</lastModified>
  <size>11648873</size>
  <additionalInfo>
    <createdBy>admin</createdBy>
    <modifiedBy>admin</modifiedBy>
    <lastUpdated>1585117516232</lastUpdated>
    <checksumsInfo>
      <checksums>
        <checksum>
          <type>sha1</type>
          <original>63c277f67b3f7606724df1af9ba76c8187116658</original>
          <actual>63c277f67b3f7606724df1af9ba76c8187116658</actual>
        </checksum>
        <checksum>
          <type>md5</type>
          <original>2eb9699be4b68497b8302d515e809ab7</original>
          <actual>2eb9699be4b68497b8302d515e809ab7</actual>
        </checksum>
        <checksum>
          <type>sha256</type>
          <original>NO_ORIG</original>
          <actual>e92d12c6b6f9d1201ebf4a21eee72da85013ce199063250dbc9103c6dc71f1c2</actual>
        </checksum>
      </checksums>
    </checksumsInfo>
  </additionalInfo>
</artifactory-file>