<?xml version='1.0' encoding='UTF-8'?>
<artifactory-file>
  <repoPath>
    <repoKey>generic-local</repoKey>
    <path>jfrog-artifactory-pro-6.12.1.zip</path>
    <folder>false</folder>
  </repoPath>
  <name>jfrog-artifactory-pro-6.12.1.zip</name>
  <created>1568078772961</created>
  <lastModified>1568078757816</lastModified>
  <size>246998739</size>
  <additionalInfo>
    <createdBy>admin</createdBy>
    <modifiedBy>admin</modifiedBy>
    <lastUpdated>1585117544814</lastUpdated>
    <checksumsInfo>
      <checksums>
        <checksum>
          <type>sha1</type>
          <original>a2e4310408e82da7d8525a4f658c08c5797bee31</original>
          <actual>a2e4310408e82da7d8525a4f658c08c5797bee31</actual>
        </checksum>
        <checksum>
          <type>md5</type>
          <original>1c84457be65efd6cfb42267bfda978ff</original>
          <actual>1c84457be65efd6cfb42267bfda978ff</actual>
        </checksum>
        <checksum>
          <type>sha256</type>
          <original>NO_ORIG</original>
          <actual>933a0fb8c068f7b0527ac722743df50b6c7f00a1f4173a4f0e826b4bcf57eed1</actual>
        </checksum>
      </checksums>
    </checksumsInfo>
  </additionalInfo>
</artifactory-file>