<?xml version='1.0' encoding='UTF-8'?>
<artifactory-file>
  <repoPath>
    <repoKey>docker-local</repoKey>
    <path>teamcity/latest/sha256__d02ad6902e16a02f86cbf8d068989756f78b156dab8e2902cf31921e8d475364</path>
    <folder>false</folder>
  </repoPath>
  <name>sha256__d02ad6902e16a02f86cbf8d068989756f78b156dab8e2902cf31921e8d475364</name>
  <created>1570122442839</created>
  <lastModified>1570122231768</lastModified>
  <size>853583892</size>
  <additionalInfo>
    <createdBy>admin</createdBy>
    <modifiedBy>admin</modifiedBy>
    <lastUpdated>1585120086001</lastUpdated>
    <checksumsInfo>
      <checksums>
        <checksum>
          <type>sha1</type>
          <actual>fa034d9bad3c2d059bfba9deec1adb543acf123e</actual>
        </checksum>
        <checksum>
          <type>md5</type>
          <actual>58bdec57e3cf81152cfa5487f333eff8</actual>
        </checksum>
        <checksum>
          <type>sha256</type>
          <original>NO_ORIG</original>
          <actual>d02ad6902e16a02f86cbf8d068989756f78b156dab8e2902cf31921e8d475364</actual>
        </checksum>
      </checksums>
    </checksumsInfo>
  </additionalInfo>
</artifactory-file>