<?xml version='1.0' encoding='UTF-8'?>
<artifactory-file>
  <repoPath>
    <repoKey>docker-local</repoKey>
    <path>jfmc-installer/latest/sha256__760817285e8909a845821d22049b90a7b5af277c096a1e762086a86dbc0e6188</path>
    <folder>false</folder>
  </repoPath>
  <name>sha256__760817285e8909a845821d22049b90a7b5af277c096a1e762086a86dbc0e6188</name>
  <created>1517247407346</created>
  <lastModified>1517247406936</lastModified>
  <size>631107</size>
  <additionalInfo>
    <createdBy>admin</createdBy>
    <modifiedBy>admin</modifiedBy>
    <lastUpdated>1585119663443</lastUpdated>
    <checksumsInfo>
      <checksums>
        <checksum>
          <type>sha1</type>
          <original>25ce5a8f474d2438cbbff87bbf972be2532a76b5</original>
          <actual>25ce5a8f474d2438cbbff87bbf972be2532a76b5</actual>
        </checksum>
        <checksum>
          <type>md5</type>
          <original>0bbb9f151443e32f7256c421b872e948</original>
          <actual>0bbb9f151443e32f7256c421b872e948</actual>
        </checksum>
        <checksum>
          <type>sha256</type>
          <original>NO_ORIG</original>
          <actual>760817285e8909a845821d22049b90a7b5af277c096a1e762086a86dbc0e6188</actual>
        </checksum>
      </checksums>
    </checksumsInfo>
  </additionalInfo>
</artifactory-file>