<?xml version='1.0' encoding='UTF-8'?>
<artifactory-file>
  <repoPath>
    <repoKey>docker-local</repoKey>
    <path>composer/latest/sha256__2570a8cea8136bfa9adb1a0ea7bb933a6b4e48619f1268212fd769680667a561</path>
    <folder>false</folder>
  </repoPath>
  <name>sha256__2570a8cea8136bfa9adb1a0ea7bb933a6b4e48619f1268212fd769680667a561</name>
  <created>1521501307313</created>
  <lastModified>1521501307302</lastModified>
  <size>90</size>
  <additionalInfo>
    <createdBy>admin</createdBy>
    <modifiedBy>admin</modifiedBy>
    <lastUpdated>1585119303778</lastUpdated>
    <checksumsInfo>
      <checksums>
        <checksum>
          <type>sha1</type>
          <original>4c55a7aad2794a72f844619b02b73dfab41494d4</original>
          <actual>4c55a7aad2794a72f844619b02b73dfab41494d4</actual>
        </checksum>
        <checksum>
          <type>md5</type>
          <original>b83b443fc0fe626706c0855028e5f77f</original>
          <actual>b83b443fc0fe626706c0855028e5f77f</actual>
        </checksum>
        <checksum>
          <type>sha256</type>
          <original>NO_ORIG</original>
          <actual>2570a8cea8136bfa9adb1a0ea7bb933a6b4e48619f1268212fd769680667a561</actual>
        </checksum>
      </checksums>
    </checksumsInfo>
  </additionalInfo>
</artifactory-file>