<?xml version='1.0' encoding='UTF-8'?>
<artifactory-file>
  <repoPath>
    <repoKey>docker-local</repoKey>
    <path>patchy/latest/sha256__df14ee7edcb6443dcda2eb19733e93396e5cf3deddc2bfdb2c984f21d9037c04</path>
    <folder>false</folder>
  </repoPath>
  <name>sha256__df14ee7edcb6443dcda2eb19733e93396e5cf3deddc2bfdb2c984f21d9037c04</name>
  <created>1580943518636</created>
  <lastModified>1580943518627</lastModified>
  <size>2676</size>
  <additionalInfo>
    <createdBy>manojt</createdBy>
    <modifiedBy>manojt</modifiedBy>
    <lastUpdated>1585119943811</lastUpdated>
    <checksumsInfo>
      <checksums>
        <checksum>
          <type>sha1</type>
          <actual>c9ed3fd0cee30c212479da77eb8499a6d76a2fc2</actual>
        </checksum>
        <checksum>
          <type>md5</type>
          <actual>2b272be070dd9a23fcdd07f9c0139fd4</actual>
        </checksum>
        <checksum>
          <type>sha256</type>
          <original>NO_ORIG</original>
          <actual>df14ee7edcb6443dcda2eb19733e93396e5cf3deddc2bfdb2c984f21d9037c04</actual>
        </checksum>
      </checksums>
    </checksumsInfo>
  </additionalInfo>
</artifactory-file>