<?xml version='1.0' encoding='UTF-8'?>
<artifactory-file>
  <repoPath>
    <repoKey>docker-local</repoKey>
    <path>vkbtest/latest/sha256__32d5d408d7126099bda543b08c5ba81b2d6052534f5307213eaf4a76885ea7b6</path>
    <folder>false</folder>
  </repoPath>
  <name>sha256__32d5d408d7126099bda543b08c5ba81b2d6052534f5307213eaf4a76885ea7b6</name>
  <created>1570640209499</created>
  <lastModified>1570640209394</lastModified>
  <size>17214</size>
  <additionalInfo>
    <createdBy>admin</createdBy>
    <modifiedBy>admin</modifiedBy>
    <lastUpdated>1585120129815</lastUpdated>
    <checksumsInfo>
      <checksums>
        <checksum>
          <type>sha1</type>
          <actual>a39cb834055e85f16162c004b5ccd1192b8248a3</actual>
        </checksum>
        <checksum>
          <type>md5</type>
          <actual>3fc918713eda876673a5383afc09d0cb</actual>
        </checksum>
        <checksum>
          <type>sha256</type>
          <original>NO_ORIG</original>
          <actual>32d5d408d7126099bda543b08c5ba81b2d6052534f5307213eaf4a76885ea7b6</actual>
        </checksum>
      </checksums>
    </checksumsInfo>
  </additionalInfo>
</artifactory-file>