<?xml version='1.0' encoding='UTF-8'?>
<artifactory-file>
  <repoPath>
    <repoKey>docker-local</repoKey>
    <path>nugettest/latest/manifest.json</path>
    <folder>false</folder>
  </repoPath>
  <name>manifest.json</name>
  <created>1583438901844</created>
  <lastModified>1583438901835</lastModified>
  <size>1363</size>
  <additionalInfo>
    <createdBy>mattheww</createdBy>
    <modifiedBy>mattheww</modifiedBy>
    <lastUpdated>1585119921896</lastUpdated>
    <checksumsInfo>
      <checksums>
        <checksum>
          <type>sha1</type>
          <actual>aed076e04bd2171fa9cad5e7ec6dd0dbbab72b89</actual>
        </checksum>
        <checksum>
          <type>md5</type>
          <actual>c1f8c222b8818292efe80e11a2e2c53a</actual>
        </checksum>
        <checksum>
          <type>sha256</type>
          <original>NO_ORIG</original>
          <actual>dc6f0feaeb3ca241d1799550482fc8c214079a2570a1fda733c258bf2ac6bf0f</actual>
        </checksum>
      </checksums>
    </checksumsInfo>
  </additionalInfo>
</artifactory-file>