<?xml version='1.0' encoding='UTF-8'?>
<artifactory-file>
  <repoPath>
    <repoKey>docker-local</repoKey>
    <path>nugettest/latest/sha256__230f0701585eb7153c6ba1a9b08f4cfbf6a25d026d7e3b78a47c0965e4c6d60a</path>
    <folder>false</folder>
  </repoPath>
  <name>sha256__230f0701585eb7153c6ba1a9b08f4cfbf6a25d026d7e3b78a47c0965e4c6d60a</name>
  <created>1583438891522</created>
  <lastModified>1583438891336</lastModified>
  <size>868</size>
  <additionalInfo>
    <createdBy>mattheww</createdBy>
    <modifiedBy>mattheww</modifiedBy>
    <lastUpdated>1585119923416</lastUpdated>
    <checksumsInfo>
      <checksums>
        <checksum>
          <type>sha1</type>
          <actual>4ae215ba2d9ee6bc184fb990476ee7ef7743b9f6</actual>
        </checksum>
        <checksum>
          <type>md5</type>
          <actual>d9c64ee0f9459978bd96ddf27e58f320</actual>
        </checksum>
        <checksum>
          <type>sha256</type>
          <original>NO_ORIG</original>
          <actual>230f0701585eb7153c6ba1a9b08f4cfbf6a25d026d7e3b78a47c0965e4c6d60a</actual>
        </checksum>
      </checksums>
    </checksumsInfo>
  </additionalInfo>
</artifactory-file>