<?xml version='1.0' encoding='UTF-8'?>
<artifactory-file>
  <repoPath>
    <repoKey>docker-local</repoKey>
    <path>large10gpart1/latest/sha256__45d437916d5781043432f2d72608049dcf74ddbd27daa01a25fa63c8f1b9adc4</path>
    <folder>false</folder>
  </repoPath>
  <name>sha256__45d437916d5781043432f2d72608049dcf74ddbd27daa01a25fa63c8f1b9adc4</name>
  <created>1576003046564</created>
  <lastModified>1576003046543</lastModified>
  <size>162</size>
  <additionalInfo>
    <createdBy>admin</createdBy>
    <modifiedBy>admin</modifiedBy>
    <lastUpdated>1585119745557</lastUpdated>
    <checksumsInfo>
      <checksums>
        <checksum>
          <type>sha1</type>
          <actual>a3e473399beedb200530201f63f7c8831a5d3eb0</actual>
        </checksum>
        <checksum>
          <type>md5</type>
          <actual>1918ce6b687bf83f44424c874c3286a7</actual>
        </checksum>
        <checksum>
          <type>sha256</type>
          <original>NO_ORIG</original>
          <actual>45d437916d5781043432f2d72608049dcf74ddbd27daa01a25fa63c8f1b9adc4</actual>
        </checksum>
      </checksums>
    </checksumsInfo>
  </additionalInfo>
</artifactory-file>