<?xml version='1.0' encoding='UTF-8'?>
<artifactory-file>
  <repoPath>
    <repoKey>docker-local</repoKey>
    <path>slackbot-v0.1.0/latest/manifest.json</path>
    <folder>false</folder>
  </repoPath>
  <name>manifest.json</name>
  <created>1580251446622</created>
  <lastModified>1580251446612</lastModified>
  <size>529</size>
  <additionalInfo>
    <createdBy>scott</createdBy>
    <modifiedBy>scott</modifiedBy>
    <lastUpdated>1585119956454</lastUpdated>
    <checksumsInfo>
      <checksums>
        <checksum>
          <type>sha1</type>
          <actual>f2f208569cec23c1b24dbbbd94895fbe3d39cfa0</actual>
        </checksum>
        <checksum>
          <type>md5</type>
          <actual>697fe4c74efc30745280da8a90eda963</actual>
        </checksum>
        <checksum>
          <type>sha256</type>
          <original>NO_ORIG</original>
          <actual>ffd9cb4b7f7e092633de6ef48379784b9d7e76a2ac221eb11919225223ac202e</actual>
        </checksum>
      </checksums>
    </checksumsInfo>
  </additionalInfo>
</artifactory-file>