<?xml version='1.0' encoding='UTF-8'?>
<artifactory-file>
  <repoPath>
    <repoKey>docker-local</repoKey>
    <path>jfmc-installer/latest/sha256__d18d5bc6b49ea009774d08a2e667d18b19e7becff003c857a7c73c4e1bf66d60</path>
    <folder>false</folder>
  </repoPath>
  <name>sha256__d18d5bc6b49ea009774d08a2e667d18b19e7becff003c857a7c73c4e1bf66d60</name>
  <created>1521757339793</created>
  <lastModified>1521757339672</lastModified>
  <size>272003</size>
  <additionalInfo>
    <createdBy>admin</createdBy>
    <modifiedBy>admin</modifiedBy>
    <lastUpdated>1585119687815</lastUpdated>
    <checksumsInfo>
      <checksums>
        <checksum>
          <type>sha1</type>
          <original>5cd80bcfe573789eb9a3bb15a50dedd19e94328c</original>
          <actual>5cd80bcfe573789eb9a3bb15a50dedd19e94328c</actual>
        </checksum>
        <checksum>
          <type>md5</type>
          <original>1cfeb0596a7e939322b0abf260b3b554</original>
          <actual>1cfeb0596a7e939322b0abf260b3b554</actual>
        </checksum>
        <checksum>
          <type>sha256</type>
          <original>NO_ORIG</original>
          <actual>d18d5bc6b49ea009774d08a2e667d18b19e7becff003c857a7c73c4e1bf66d60</actual>
        </checksum>
      </checksums>
    </checksumsInfo>
  </additionalInfo>
</artifactory-file>