<?xml version='1.0' encoding='UTF-8'?>
<artifactory-file>
  <repoPath>
    <repoKey>docker-local</repoKey>
    <path>teamcity/latest/sha256__cfcc996af805c1a734f60578932d6136bf727650456a1636aaacff6f2733a80c</path>
    <folder>false</folder>
  </repoPath>
  <name>sha256__cfcc996af805c1a734f60578932d6136bf727650456a1636aaacff6f2733a80c</name>
  <created>1570122234937</created>
  <lastModified>1570122234920</lastModified>
  <size>240</size>
  <additionalInfo>
    <createdBy>admin</createdBy>
    <modifiedBy>admin</modifiedBy>
    <lastUpdated>1585120015170</lastUpdated>
    <checksumsInfo>
      <checksums>
        <checksum>
          <type>sha1</type>
          <actual>4b5095ac57688656785a34bd29a1e0373fb18ee4</actual>
        </checksum>
        <checksum>
          <type>md5</type>
          <actual>d14cf662d06e626910c1146b808f3721</actual>
        </checksum>
        <checksum>
          <type>sha256</type>
          <original>NO_ORIG</original>
          <actual>cfcc996af805c1a734f60578932d6136bf727650456a1636aaacff6f2733a80c</actual>
        </checksum>
      </checksums>
    </checksumsInfo>
  </additionalInfo>
</artifactory-file>