<?xml version='1.0' encoding='UTF-8'?>
<artifactory-file>
  <repoPath>
    <repoKey>docker-local</repoKey>
    <path>patchy/latest/manifest.json</path>
    <folder>false</folder>
  </repoPath>
  <name>manifest.json</name>
  <created>1580943519259</created>
  <lastModified>1580943519239</lastModified>
  <size>948</size>
  <additionalInfo>
    <createdBy>manojt</createdBy>
    <modifiedBy>manojt</modifiedBy>
    <lastUpdated>1585119934954</lastUpdated>
    <checksumsInfo>
      <checksums>
        <checksum>
          <type>sha1</type>
          <actual>3d5fc7cbba2332c898aea5e0bce5417e08d9d91f</actual>
        </checksum>
        <checksum>
          <type>md5</type>
          <actual>e8e67e6826148394f6b2130270db5d39</actual>
        </checksum>
        <checksum>
          <type>sha256</type>
          <original>NO_ORIG</original>
          <actual>3b23417897f16f75ffb1d44614e43d15dbdd1229b39917b4df4126a08edc5a84</actual>
        </checksum>
      </checksums>
    </checksumsInfo>
  </additionalInfo>
</artifactory-file>