<?xml version='1.0' encoding='UTF-8'?>
<properties>
  <docker.label.org.label-schema.vendor>CentOS</docker.label.org.label-schema.vendor>
  <docker.manifest>latest</docker.manifest>
  <docker.label.org.label-schema.schema-version>1.0</docker.label.org.label-schema.schema-version>
  <sha256>3b23417897f16f75ffb1d44614e43d15dbdd1229b39917b4df4126a08edc5a84</sha256>
  <docker.label.org.label-schema.name>CentOS Base Image</docker.label.org.label-schema.name>
  <docker.repoName>patchy</docker.repoName>
  <docker.manifest.digest>sha256:3b23417897f16f75ffb1d44614e43d15dbdd1229b39917b4df4126a08edc5a84</docker.manifest.digest>
  <docker.label.org.label-schema.license>GPLv2</docker.label.org.label-schema.license>
  <docker.label.org.label-schema.build-date>20191001</docker.label.org.label-schema.build-date>
  <docker.manifest.type>application/vnd.docker.distribution.manifest.v2+json</docker.manifest.type>
</properties>