<?xml version='1.0' encoding='UTF-8'?>
<artifactory-file>
  <repoPath>
    <repoKey>docker-local</repoKey>
    <path>composer/latest/sha256__29e6f0e0214be7d425bbf0b1b453ebb054ae79a8ba6ef3e96d9f83344fba6878</path>
    <folder>false</folder>
  </repoPath>
  <name>sha256__29e6f0e0214be7d425bbf0b1b453ebb054ae79a8ba6ef3e96d9f83344fba6878</name>
  <created>1521501311172</created>
  <lastModified>1521501307525</lastModified>
  <size>11879996</size>
  <additionalInfo>
    <createdBy>admin</createdBy>
    <modifiedBy>admin</modifiedBy>
    <lastUpdated>1585119307784</lastUpdated>
    <checksumsInfo>
      <checksums>
        <checksum>
          <type>sha1</type>
          <original>7c159afc2235c22a0a2e0c8cb79b6a6d8497d405</original>
          <actual>7c159afc2235c22a0a2e0c8cb79b6a6d8497d405</actual>
        </checksum>
        <checksum>
          <type>md5</type>
          <original>f0d592c4f4dcbda3fb514966331ebce9</original>
          <actual>f0d592c4f4dcbda3fb514966331ebce9</actual>
        </checksum>
        <checksum>
          <type>sha256</type>
          <original>NO_ORIG</original>
          <actual>29e6f0e0214be7d425bbf0b1b453ebb054ae79a8ba6ef3e96d9f83344fba6878</actual>
        </checksum>
      </checksums>
    </checksumsInfo>
  </additionalInfo>
</artifactory-file>