<?xml version='1.0' encoding='UTF-8'?>
<artifactory-file>
  <repoPath>
    <repoKey>generic-local</repoKey>
    <path>repo-usw2-1576181794080.zip</path>
    <folder>false</folder>
  </repoPath>
  <name>repo-usw2-1576181794080.zip</name>
  <created>1576796319750</created>
  <lastModified>1576796316911</lastModified>
  <size>34919676</size>
  <additionalInfo>
    <createdBy>admin</createdBy>
    <modifiedBy>admin</modifiedBy>
    <lastUpdated>1585117690760</lastUpdated>
    <checksumsInfo>
      <checksums>
        <checksum>
          <type>sha1</type>
          <original>2ceb0c9dc9f15fb5c9387f96e06a9de4fd6109b4</original>
          <actual>2ceb0c9dc9f15fb5c9387f96e06a9de4fd6109b4</actual>
        </checksum>
        <checksum>
          <type>md5</type>
          <original>6a66de12e779f03f821426abdd3a61bb</original>
          <actual>6a66de12e779f03f821426abdd3a61bb</actual>
        </checksum>
        <checksum>
          <type>sha256</type>
          <original>NO_ORIG</original>
          <actual>d6ff5efb54e1d4d86447512cf64718cec89f34f510deec008740d9cb60fe89fd</actual>
        </checksum>
      </checksums>
    </checksumsInfo>
  </additionalInfo>
</artifactory-file>