<?xml version='1.0' encoding='UTF-8'?>
<artifactory-file>
  <repoPath>
    <repoKey>docker-local</repoKey>
    <path>vkbtest/latest/sha256__8ba884070f611d31cb2c42eddb691319dc9facf5e0ec67672fcfa135181ab3df</path>
    <folder>false</folder>
  </repoPath>
  <name>sha256__8ba884070f611d31cb2c42eddb691319dc9facf5e0ec67672fcfa135181ab3df</name>
  <created>1570640108627</created>
  <lastModified>1570640075153</lastModified>
  <size>75403831</size>
  <additionalInfo>
    <createdBy>admin</createdBy>
    <modifiedBy>admin</modifiedBy>
    <lastUpdated>1585120181477</lastUpdated>
    <checksumsInfo>
      <checksums>
        <checksum>
          <type>sha1</type>
          <actual>cb2f97cd210db2a84d4553cd0d8aaa5007350928</actual>
        </checksum>
        <checksum>
          <type>md5</type>
          <actual>01e1ea11cd1a5325baf1f349e8f2bc54</actual>
        </checksum>
        <checksum>
          <type>sha256</type>
          <original>NO_ORIG</original>
          <actual>8ba884070f611d31cb2c42eddb691319dc9facf5e0ec67672fcfa135181ab3df</actual>
        </checksum>
      </checksums>
    </checksumsInfo>
  </additionalInfo>
</artifactory-file>