<?xml version='1.0' encoding='UTF-8'?>
<artifactory-file>
  <repoPath>
    <repoKey>docker-local</repoKey>
    <path>openjdk/latest/sha256__bbb8034f26b54b426a3771360809c4396cde405f3fb77f7f246024c0a9ba3888</path>
    <folder>false</folder>
  </repoPath>
  <name>sha256__bbb8034f26b54b426a3771360809c4396cde405f3fb77f7f246024c0a9ba3888</name>
  <created>1585119070950</created>
  <lastModified>1585119070521</lastModified>
  <size>4596</size>
  <additionalInfo>
    <createdBy>admin</createdBy>
    <modifiedBy>admin</modifiedBy>
    <lastUpdated>1585119070951</lastUpdated>
    <checksumsInfo>
      <checksums>
        <checksum>
          <type>sha1</type>
          <actual>0c80e2d8f755047ecbcd9ec035fe1249928ac2df</actual>
        </checksum>
        <checksum>
          <type>md5</type>
          <actual>cb266d37bf8bd18a16e1f4d257522340</actual>
        </checksum>
        <checksum>
          <type>sha256</type>
          <original>NO_ORIG</original>
          <actual>bbb8034f26b54b426a3771360809c4396cde405f3fb77f7f246024c0a9ba3888</actual>
        </checksum>
      </checksums>
    </checksumsInfo>
  </additionalInfo>
</artifactory-file>