<?xml version='1.0' encoding='UTF-8'?>
<artifactory-file>
  <repoPath>
    <repoKey>docker-local</repoKey>
    <path>composer/latest/sha256__2135a91c923b178aad0f2a3c446e57f809a75355371a6efc6a8b1be5bd160d03</path>
    <folder>false</folder>
  </repoPath>
  <name>sha256__2135a91c923b178aad0f2a3c446e57f809a75355371a6efc6a8b1be5bd160d03</name>
  <created>1521501314748</created>
  <lastModified>1521501314746</lastModified>
  <size>11224</size>
  <additionalInfo>
    <createdBy>admin</createdBy>
    <modifiedBy>admin</modifiedBy>
    <lastUpdated>1585119303013</lastUpdated>
    <checksumsInfo>
      <checksums>
        <checksum>
          <type>sha1</type>
          <original>7457e5240f3d786cf1a2763782491fdb9d905b50</original>
          <actual>7457e5240f3d786cf1a2763782491fdb9d905b50</actual>
        </checksum>
        <checksum>
          <type>md5</type>
          <original>fceeeaafa248d0368a55078b7af93fc4</original>
          <actual>fceeeaafa248d0368a55078b7af93fc4</actual>
        </checksum>
        <checksum>
          <type>sha256</type>
          <original>NO_ORIG</original>
          <actual>2135a91c923b178aad0f2a3c446e57f809a75355371a6efc6a8b1be5bd160d03</actual>
        </checksum>
      </checksums>
    </checksumsInfo>
  </additionalInfo>
</artifactory-file>