<?xml version='1.0' encoding='UTF-8'?>
<artifactory-file>
  <repoPath>
    <repoKey>generic-local</repoKey>
    <path>artifactory.hpi</path>
    <folder>false</folder>
  </repoPath>
  <name>artifactory.hpi</name>
  <created>1560787778386</created>
  <lastModified>1560787776495</lastModified>
  <size>16000866</size>
  <additionalInfo>
    <createdBy>admin</createdBy>
    <modifiedBy>admin</modifiedBy>
    <lastUpdated>1585117520350</lastUpdated>
    <checksumsInfo>
      <checksums>
        <checksum>
          <type>sha1</type>
          <original>78a63348bb68c7237086baa9943864d7f740c93f</original>
          <actual>78a63348bb68c7237086baa9943864d7f740c93f</actual>
        </checksum>
        <checksum>
          <type>md5</type>
          <original>9d23e99124e1c21aa6c81a1d9c3b3aeb</original>
          <actual>9d23e99124e1c21aa6c81a1d9c3b3aeb</actual>
        </checksum>
        <checksum>
          <type>sha256</type>
          <original>NO_ORIG</original>
          <actual>2f1c8caa34847dc62eaa6f9f84b0c16868fcc6b5878cbf76d408c8c6bcfd17de</actual>
        </checksum>
      </checksums>
    </checksumsInfo>
  </additionalInfo>
</artifactory-file>