<?xml version='1.0' encoding='UTF-8'?>
<artifactory-file>
  <repoPath>
    <repoKey>generic-local</repoKey>
    <path>json-lib-2.3-jdk15.jar</path>
    <folder>false</folder>
  </repoPath>
  <name>json-lib-2.3-jdk15.jar</name>
  <created>1576866124875</created>
  <lastModified>1576866124080</lastModified>
  <size>151839</size>
  <additionalInfo>
    <createdBy>admin</createdBy>
    <modifiedBy>admin</modifiedBy>
    <lastUpdated>1585117546895</lastUpdated>
    <checksumsInfo>
      <checksums>
        <checksum>
          <type>sha1</type>
          <original>f35340c0a0380141f62c72b76c8fb4bfa638d8c1</original>
          <actual>f35340c0a0380141f62c72b76c8fb4bfa638d8c1</actual>
        </checksum>
        <checksum>
          <type>md5</type>
          <original>204653de78e2cb9e7b404c9f60a90cfa</original>
          <actual>204653de78e2cb9e7b404c9f60a90cfa</actual>
        </checksum>
        <checksum>
          <type>sha256</type>
          <original>NO_ORIG</original>
          <actual>1e58cc49a02f2ae22049c73de69d03a6aa44f197533c42106a302e03c95c40ca</actual>
        </checksum>
      </checksums>
    </checksumsInfo>
  </additionalInfo>
</artifactory-file>