<?xml version='1.0' encoding='UTF-8'?>
<artifactory-file>
  <repoPath>
    <repoKey>docker-local</repoKey>
    <path>large10gpart1/latest/sha256__033afc6f27acdf6c6a61391731588b582a86bb6b23bcd17a7e2b546e40dba6ec</path>
    <folder>false</folder>
  </repoPath>
  <name>sha256__033afc6f27acdf6c6a61391731588b582a86bb6b23bcd17a7e2b546e40dba6ec</name>
  <created>1576618995662</created>
  <lastModified>1576618916146</lastModified>
  <size>10436263</size>
  <additionalInfo>
    <createdBy>admin</createdBy>
    <modifiedBy>admin</modifiedBy>
    <lastUpdated>1585119744796</lastUpdated>
    <checksumsInfo>
      <checksums>
        <checksum>
          <type>sha1</type>
          <actual>25a05573abc6ce2e62d9b525d1e8558bcf25b294</actual>
        </checksum>
        <checksum>
          <type>md5</type>
          <actual>effb1b3322a2af8920807a0f6b675525</actual>
        </checksum>
        <checksum>
          <type>sha256</type>
          <original>NO_ORIG</original>
          <actual>033afc6f27acdf6c6a61391731588b582a86bb6b23bcd17a7e2b546e40dba6ec</actual>
        </checksum>
      </checksums>
    </checksumsInfo>
  </additionalInfo>
</artifactory-file>