<?xml version='1.0' encoding='UTF-8'?>
<artifactory-file>
  <repoPath>
    <repoKey>docker-local</repoKey>
    <path>mysql/latest/sha256__47b869561d3ad4f87fd5d9f2341f31014073e296ffb82cfecaed9a691afa15e4</path>
    <folder>false</folder>
  </repoPath>
  <name>sha256__47b869561d3ad4f87fd5d9f2341f31014073e296ffb82cfecaed9a691afa15e4</name>
  <created>1521665833799</created>
  <lastModified>1521665823561</lastModified>
  <size>4498378</size>
  <additionalInfo>
    <createdBy>admin</createdBy>
    <modifiedBy>admin</modifiedBy>
    <lastUpdated>1585119885613</lastUpdated>
    <checksumsInfo>
      <checksums>
        <checksum>
          <type>sha1</type>
          <original>732d648adbd9fdca75dbb161e5724040e2146ae0</original>
          <actual>732d648adbd9fdca75dbb161e5724040e2146ae0</actual>
        </checksum>
        <checksum>
          <type>md5</type>
          <original>d4f92a6ea1bdb71f804584eadde05ccf</original>
          <actual>d4f92a6ea1bdb71f804584eadde05ccf</actual>
        </checksum>
        <checksum>
          <type>sha256</type>
          <original>NO_ORIG</original>
          <actual>47b869561d3ad4f87fd5d9f2341f31014073e296ffb82cfecaed9a691afa15e4</actual>
        </checksum>
      </checksums>
    </checksumsInfo>
  </additionalInfo>
</artifactory-file>