<?xml version='1.0' encoding='UTF-8'?>
<artifactory-file>
  <repoPath>
    <repoKey>docker-local</repoKey>
    <path>jfmc-installer/latest/sha256__3c8be6fce7e84d657353ebf9f7c3de2b0c01676fe15a83870e225d2aa14e6d96</path>
    <folder>false</folder>
  </repoPath>
  <name>sha256__3c8be6fce7e84d657353ebf9f7c3de2b0c01676fe15a83870e225d2aa14e6d96</name>
  <created>1521757343201</created>
  <lastModified>1521757341994</lastModified>
  <size>660458</size>
  <additionalInfo>
    <createdBy>admin</createdBy>
    <modifiedBy>admin</modifiedBy>
    <lastUpdated>1585119647709</lastUpdated>
    <checksumsInfo>
      <checksums>
        <checksum>
          <type>sha1</type>
          <original>0141d80d9affe5c32f2e8c982a5b1f48b5b79642</original>
          <actual>0141d80d9affe5c32f2e8c982a5b1f48b5b79642</actual>
        </checksum>
        <checksum>
          <type>md5</type>
          <original>e07e8ab0762dc5c107a6b178ba76e8aa</original>
          <actual>e07e8ab0762dc5c107a6b178ba76e8aa</actual>
        </checksum>
        <checksum>
          <type>sha256</type>
          <original>NO_ORIG</original>
          <actual>3c8be6fce7e84d657353ebf9f7c3de2b0c01676fe15a83870e225d2aa14e6d96</actual>
        </checksum>
      </checksums>
    </checksumsInfo>
  </additionalInfo>
</artifactory-file>