<?xml version='1.0' encoding='UTF-8'?>
<artifactory-file>
  <repoPath>
    <repoKey>docker-local</repoKey>
    <path>teamcity/latest/sha256__29e8ef0e3340ebc06839633b3f6fcdf562469e5c66973c99b46330d426cbf6c1</path>
    <folder>false</folder>
  </repoPath>
  <name>sha256__29e8ef0e3340ebc06839633b3f6fcdf562469e5c66973c99b46330d426cbf6c1</name>
  <created>1570122276691</created>
  <lastModified>1570122238721</lastModified>
  <size>43159118</size>
  <additionalInfo>
    <createdBy>admin</createdBy>
    <modifiedBy>admin</modifiedBy>
    <lastUpdated>1585119981628</lastUpdated>
    <checksumsInfo>
      <checksums>
        <checksum>
          <type>sha1</type>
          <actual>5ac23971a33bf08c99081cb413b432ad50db6de7</actual>
        </checksum>
        <checksum>
          <type>md5</type>
          <actual>eda1ebf02105b99dc99c9196af0ed4ea</actual>
        </checksum>
        <checksum>
          <type>sha256</type>
          <original>NO_ORIG</original>
          <actual>29e8ef0e3340ebc06839633b3f6fcdf562469e5c66973c99b46330d426cbf6c1</actual>
        </checksum>
      </checksums>
    </checksumsInfo>
  </additionalInfo>
</artifactory-file>