<?xml version='1.0' encoding='UTF-8'?>
<artifactory-file>
  <repoPath>
    <repoKey>docker-local</repoKey>
    <path>nugettest/latest/sha256__e01f70622967c0cca68d6a771ae7ff141c59ab979ac98b5184db665a4ace6415</path>
    <folder>false</folder>
  </repoPath>
  <name>sha256__e01f70622967c0cca68d6a771ae7ff141c59ab979ac98b5184db665a4ace6415</name>
  <created>1583438891354</created>
  <lastModified>1583438891326</lastModified>
  <size>164</size>
  <additionalInfo>
    <createdBy>mattheww</createdBy>
    <modifiedBy>mattheww</modifiedBy>
    <lastUpdated>1585119934082</lastUpdated>
    <checksumsInfo>
      <checksums>
        <checksum>
          <type>sha1</type>
          <actual>eac8d01b4919b8dd366408b3b647a0bd95fb3023</actual>
        </checksum>
        <checksum>
          <type>md5</type>
          <actual>f50483954cf8e56b05fe1ff8924a025c</actual>
        </checksum>
        <checksum>
          <type>sha256</type>
          <original>NO_ORIG</original>
          <actual>e01f70622967c0cca68d6a771ae7ff141c59ab979ac98b5184db665a4ace6415</actual>
        </checksum>
      </checksums>
    </checksumsInfo>
  </additionalInfo>
</artifactory-file>