<?xml version='1.0' encoding='UTF-8'?>
<artifactory-file>
  <repoPath>
    <repoKey>docker-local</repoKey>
    <path>teamcity/latest/sha256__a360a17c9cab11fa222d7fd12996ae2581bc3372ec55a4ac3d670dba2961993b</path>
    <folder>false</folder>
  </repoPath>
  <name>sha256__a360a17c9cab11fa222d7fd12996ae2581bc3372ec55a4ac3d670dba2961993b</name>
  <created>1570122234884</created>
  <lastModified>1570122234871</lastModified>
  <size>215</size>
  <additionalInfo>
    <createdBy>admin</createdBy>
    <modifiedBy>admin</modifiedBy>
    <lastUpdated>1585120009195</lastUpdated>
    <checksumsInfo>
      <checksums>
        <checksum>
          <type>sha1</type>
          <actual>d7543ba6ce98e857394fba6c608675cd5c44644a</actual>
        </checksum>
        <checksum>
          <type>md5</type>
          <actual>f299aaf09430380b0ccf95fa34971741</actual>
        </checksum>
        <checksum>
          <type>sha256</type>
          <original>NO_ORIG</original>
          <actual>a360a17c9cab11fa222d7fd12996ae2581bc3372ec55a4ac3d670dba2961993b</actual>
        </checksum>
      </checksums>
    </checksumsInfo>
  </additionalInfo>
</artifactory-file>