<?xml version='1.0' encoding='UTF-8'?>
<artifactory-file>
  <repoPath>
    <repoKey>docker-local</repoKey>
    <path>openjdk/latest/sha256__822ace0353cbeeb23baa4e10b00916d8aae76c005023f5807d16cd97e6339b9b</path>
    <folder>false</folder>
  </repoPath>
  <name>sha256__822ace0353cbeeb23baa4e10b00916d8aae76c005023f5807d16cd97e6339b9b</name>
  <created>1585118957341</created>
  <lastModified>1585118909061</lastModified>
  <size>42725372</size>
  <additionalInfo>
    <createdBy>admin</createdBy>
    <modifiedBy>admin</modifiedBy>
    <lastUpdated>1585118957341</lastUpdated>
    <checksumsInfo>
      <checksums>
        <checksum>
          <type>sha1</type>
          <actual>0c2573fd3b0ec4e98e3c9730c6959ff9245219cf</actual>
        </checksum>
        <checksum>
          <type>md5</type>
          <actual>8f3ddc76ef02f440b342ad31f83cdfe7</actual>
        </checksum>
        <checksum>
          <type>sha256</type>
          <original>NO_ORIG</original>
          <actual>822ace0353cbeeb23baa4e10b00916d8aae76c005023f5807d16cd97e6339b9b</actual>
        </checksum>
      </checksums>
    </checksumsInfo>
  </additionalInfo>
</artifactory-file>