<?xml version='1.0' encoding='UTF-8'?>
<artifactory-file>
  <repoPath>
    <repoKey>docker-local</repoKey>
    <path>teamcity/latest/sha256__b90edbdb905df180a2064165d674cc8bb68d37df1bf984225ebcc6c47c5217ba</path>
    <folder>false</folder>
  </repoPath>
  <name>sha256__b90edbdb905df180a2064165d674cc8bb68d37df1bf984225ebcc6c47c5217ba</name>
  <created>1570122231878</created>
  <lastModified>1570122231829</lastModified>
  <size>2900</size>
  <additionalInfo>
    <createdBy>admin</createdBy>
    <modifiedBy>admin</modifiedBy>
    <lastUpdated>1585120009953</lastUpdated>
    <checksumsInfo>
      <checksums>
        <checksum>
          <type>sha1</type>
          <actual>a5a5f0267cd8fd0031b7ea9eea68adee5bdd87f4</actual>
        </checksum>
        <checksum>
          <type>md5</type>
          <actual>08978b9b9bb986a9be68285bda1b4e6a</actual>
        </checksum>
        <checksum>
          <type>sha256</type>
          <original>NO_ORIG</original>
          <actual>b90edbdb905df180a2064165d674cc8bb68d37df1bf984225ebcc6c47c5217ba</actual>
        </checksum>
      </checksums>
    </checksumsInfo>
  </additionalInfo>
</artifactory-file>