<?xml version='1.0' encoding='UTF-8'?>
<artifactory-file>
  <repoPath>
    <repoKey>docker-local</repoKey>
    <path>large10gpart1/latest/sha256__7ddbc47eeb70dc7f08e410a6667948b87ff3883024eb41478b44ef9a81bf400c</path>
    <folder>false</folder>
  </repoPath>
  <name>sha256__7ddbc47eeb70dc7f08e410a6667948b87ff3883024eb41478b44ef9a81bf400c</name>
  <created>1576003062313</created>
  <lastModified>1576003051114</lastModified>
  <size>26688847</size>
  <additionalInfo>
    <createdBy>admin</createdBy>
    <modifiedBy>admin</modifiedBy>
    <lastUpdated>1585119746310</lastUpdated>
    <checksumsInfo>
      <checksums>
        <checksum>
          <type>sha1</type>
          <original>NO_ORIG</original>
          <actual>778d5175ae4f387089786315fa950cc8da9dc519</actual>
        </checksum>
        <checksum>
          <type>md5</type>
          <original>NO_ORIG</original>
          <actual>37579c3e2546a2e0a8e0a605d6c2feb2</actual>
        </checksum>
        <checksum>
          <type>sha256</type>
          <original>NO_ORIG</original>
          <actual>7ddbc47eeb70dc7f08e410a6667948b87ff3883024eb41478b44ef9a81bf400c</actual>
        </checksum>
      </checksums>
    </checksumsInfo>
  </additionalInfo>
</artifactory-file>