<?xml version='1.0' encoding='UTF-8'?>
<artifactory-file>
  <repoPath>
    <repoKey>docker-local</repoKey>
    <path>nugettest/latest/sha256__1a127ebaeaf21593f6f90cfd735ff64116df93c92719bd91f958784c9dc5cea4</path>
    <folder>false</folder>
  </repoPath>
  <name>sha256__1a127ebaeaf21593f6f90cfd735ff64116df93c92719bd91f958784c9dc5cea4</name>
  <created>1583438900853</created>
  <lastModified>1583438900840</lastModified>
  <size>3610</size>
  <additionalInfo>
    <createdBy>mattheww</createdBy>
    <modifiedBy>mattheww</modifiedBy>
    <lastUpdated>1585119922661</lastUpdated>
    <checksumsInfo>
      <checksums>
        <checksum>
          <type>sha1</type>
          <actual>4ba7689e45973d23d0a181114a9417190770468d</actual>
        </checksum>
        <checksum>
          <type>md5</type>
          <actual>80d1970a9bb07e5a994bb8a79f2280d0</actual>
        </checksum>
        <checksum>
          <type>sha256</type>
          <original>NO_ORIG</original>
          <actual>1a127ebaeaf21593f6f90cfd735ff64116df93c92719bd91f958784c9dc5cea4</actual>
        </checksum>
      </checksums>
    </checksumsInfo>
  </additionalInfo>
</artifactory-file>