<?xml version='1.0' encoding='UTF-8'?>
<artifactory-file>
  <repoPath>
    <repoKey>docker-local</repoKey>
    <path>large10gpart1/latest/sha256__eb17b7f8eeb67b0c34c3af9f63bee9e797ec6dfe366648417df26b89f43c4328</path>
    <folder>false</folder>
  </repoPath>
  <name>sha256__eb17b7f8eeb67b0c34c3af9f63bee9e797ec6dfe366648417df26b89f43c4328</name>
  <created>1576618917899</created>
  <lastModified>1576618916143</lastModified>
  <size>6862694</size>
  <additionalInfo>
    <createdBy>admin</createdBy>
    <modifiedBy>admin</modifiedBy>
    <lastUpdated>1585119758819</lastUpdated>
    <checksumsInfo>
      <checksums>
        <checksum>
          <type>sha1</type>
          <actual>e9142bbdfc144343610fe80ab348d8236c49068a</actual>
        </checksum>
        <checksum>
          <type>md5</type>
          <actual>845b6b32c3e66a66189babb65c557f7c</actual>
        </checksum>
        <checksum>
          <type>sha256</type>
          <original>NO_ORIG</original>
          <actual>eb17b7f8eeb67b0c34c3af9f63bee9e797ec6dfe366648417df26b89f43c4328</actual>
        </checksum>
      </checksums>
    </checksumsInfo>
  </additionalInfo>
</artifactory-file>