<?xml version='1.0' encoding='UTF-8'?>
<artifactory-file>
  <repoPath>
    <repoKey>docker-local</repoKey>
    <path>patchy/latest/sha256__049d89e265fa8f510932f4f6d149360bbd72db7cea3cfdcb43f418e5e2761ee5</path>
    <folder>false</folder>
  </repoPath>
  <name>sha256__049d89e265fa8f510932f4f6d149360bbd72db7cea3cfdcb43f418e5e2761ee5</name>
  <created>1580943509845</created>
  <lastModified>1580943509790</lastModified>
  <size>160</size>
  <additionalInfo>
    <createdBy>manojt</createdBy>
    <modifiedBy>manojt</modifiedBy>
    <lastUpdated>1585119935726</lastUpdated>
    <checksumsInfo>
      <checksums>
        <checksum>
          <type>sha1</type>
          <actual>62edc67af1674d5543087eb8fac8434da4dfee70</actual>
        </checksum>
        <checksum>
          <type>md5</type>
          <actual>8f5a6966c28cfc0571974db9378a3615</actual>
        </checksum>
        <checksum>
          <type>sha256</type>
          <original>NO_ORIG</original>
          <actual>049d89e265fa8f510932f4f6d149360bbd72db7cea3cfdcb43f418e5e2761ee5</actual>
        </checksum>
      </checksums>
    </checksumsInfo>
  </additionalInfo>
</artifactory-file>