<?xml version='1.0' encoding='UTF-8'?>
<artifactory-file>
  <repoPath>
    <repoKey>docker-local</repoKey>
    <path>ubuntu/bionic/sha256__5b7339215d1d5f8e68622d584a224f60339f5bef41dbd74330d081e912f0cddd</path>
    <folder>false</folder>
  </repoPath>
  <name>sha256__5b7339215d1d5f8e68622d584a224f60339f5bef41dbd74330d081e912f0cddd</name>
  <created>1585118828768</created>
  <lastModified>1585118801712</lastModified>
  <size>26684508</size>
  <additionalInfo>
    <createdBy>admin</createdBy>
    <modifiedBy>admin</modifiedBy>
    <lastUpdated>1585118828768</lastUpdated>
    <checksumsInfo>
      <checksums>
        <checksum>
          <type>sha1</type>
          <actual>372a3bf3292125f7e5af115f6d97f30c768e7f38</actual>
        </checksum>
        <checksum>
          <type>md5</type>
          <actual>66ea7153515dc49e37701a88283ea0cb</actual>
        </checksum>
        <checksum>
          <type>sha256</type>
          <original>NO_ORIG</original>
          <actual>5b7339215d1d5f8e68622d584a224f60339f5bef41dbd74330d081e912f0cddd</actual>
        </checksum>
      </checksums>
    </checksumsInfo>
  </additionalInfo>
</artifactory-file>