<?xml version='1.0' encoding='UTF-8'?>
<artifactory-file>
  <repoPath>
    <repoKey>docker-local</repoKey>
    <path>mysql/latest/sha256__5d4d51c57ea80cec97503b6cdd8bebd0c904c19cf1d32270786a14b18e6ad454</path>
    <folder>false</folder>
  </repoPath>
  <name>sha256__5d4d51c57ea80cec97503b6cdd8bebd0c904c19cf1d32270786a14b18e6ad454</name>
  <created>1521665840933</created>
  <lastModified>1521665840931</lastModified>
  <size>6867</size>
  <additionalInfo>
    <createdBy>admin</createdBy>
    <modifiedBy>admin</modifiedBy>
    <lastUpdated>1585119886379</lastUpdated>
    <checksumsInfo>
      <checksums>
        <checksum>
          <type>sha1</type>
          <original>0abbfb1a97bffac9098e6d65cf9aeb699144f6fc</original>
          <actual>0abbfb1a97bffac9098e6d65cf9aeb699144f6fc</actual>
        </checksum>
        <checksum>
          <type>md5</type>
          <original>d2b87efb2d6d3728e20301f44fced711</original>
          <actual>d2b87efb2d6d3728e20301f44fced711</actual>
        </checksum>
        <checksum>
          <type>sha256</type>
          <original>NO_ORIG</original>
          <actual>5d4d51c57ea80cec97503b6cdd8bebd0c904c19cf1d32270786a14b18e6ad454</actual>
        </checksum>
      </checksums>
    </checksumsInfo>
  </additionalInfo>
</artifactory-file>