<?xml version='1.0' encoding='UTF-8'?>
<artifactory-file>
  <repoPath>
    <repoKey>docker-local</repoKey>
    <path>vkbtest/latest/sha256__52810a97596581be47956462ab3f0b4f837818cea92a0d5dd9f19fdcfeaafb3a</path>
    <folder>false</folder>
  </repoPath>
  <name>sha256__52810a97596581be47956462ab3f0b4f837818cea92a0d5dd9f19fdcfeaafb3a</name>
  <created>1570640070917</created>
  <lastModified>1570640070870</lastModified>
  <size>5612</size>
  <additionalInfo>
    <createdBy>admin</createdBy>
    <modifiedBy>admin</modifiedBy>
    <lastUpdated>1585120147879</lastUpdated>
    <checksumsInfo>
      <checksums>
        <checksum>
          <type>sha1</type>
          <actual>4252a8baef6d52c58f9ebc0b90357edc4cd4355e</actual>
        </checksum>
        <checksum>
          <type>md5</type>
          <actual>5f06c508567b568a00ec9c3f31458e35</actual>
        </checksum>
        <checksum>
          <type>sha256</type>
          <original>NO_ORIG</original>
          <actual>52810a97596581be47956462ab3f0b4f837818cea92a0d5dd9f19fdcfeaafb3a</actual>
        </checksum>
      </checksums>
    </checksumsInfo>
  </additionalInfo>
</artifactory-file>