<?xml version='1.0' encoding='UTF-8'?>
<artifactory-file>
  <repoPath>
    <repoKey>docker-local</repoKey>
    <path>registry/latest/sha256__7ceea07e80be4bb4941253cf1c886775de26101d016bd66176c8853bc00a46e1</path>
    <folder>false</folder>
  </repoPath>
  <name>sha256__7ceea07e80be4bb4941253cf1c886775de26101d016bd66176c8853bc00a46e1</name>
  <created>1553222726482</created>
  <lastModified>1553222726434</lastModified>
  <size>214</size>
  <additionalInfo>
    <createdBy>admin</createdBy>
    <modifiedBy>admin</modifiedBy>
    <lastUpdated>1585119954183</lastUpdated>
    <checksumsInfo>
      <checksums>
        <checksum>
          <type>sha1</type>
          <actual>6e9c6a869e4f1b781a84d78b580e032ecaaf8fc6</actual>
        </checksum>
        <checksum>
          <type>md5</type>
          <actual>a5eff5322f19d0f7cd25cfb59e372593</actual>
        </checksum>
        <checksum>
          <type>sha256</type>
          <original>NO_ORIG</original>
          <actual>7ceea07e80be4bb4941253cf1c886775de26101d016bd66176c8853bc00a46e1</actual>
        </checksum>
      </checksums>
    </checksumsInfo>
  </additionalInfo>
</artifactory-file>