<?xml version='1.0' encoding='UTF-8'?>
<artifactory-file>
  <repoPath>
    <repoKey>docker-local</repoKey>
    <path>testnew117805/5/sha256__64848854b0ce64095f6f141af9fa89f78c755c0fce116914d93e70427e834cf8</path>
    <folder>false</folder>
  </repoPath>
  <name>sha256__64848854b0ce64095f6f141af9fa89f78c755c0fce116914d93e70427e834cf8</name>
  <created>1573602151704</created>
  <lastModified>1573602151693</lastModified>
  <size>2020</size>
  <additionalInfo>
    <createdBy>admin</createdBy>
    <modifiedBy>admin</modifiedBy>
    <lastUpdated>1585120120802</lastUpdated>
    <checksumsInfo>
      <checksums>
        <checksum>
          <type>sha1</type>
          <actual>0fd7dd228047390f8c873accd5fdae45f65a1dfa</actual>
        </checksum>
        <checksum>
          <type>md5</type>
          <actual>e3228cba155947c9fc6a711d7306ebeb</actual>
        </checksum>
        <checksum>
          <type>sha256</type>
          <original>NO_ORIG</original>
          <actual>64848854b0ce64095f6f141af9fa89f78c755c0fce116914d93e70427e834cf8</actual>
        </checksum>
      </checksums>
    </checksumsInfo>
  </additionalInfo>
</artifactory-file>