<?xml version='1.0' encoding='UTF-8'?>
<artifactory-file>
  <repoPath>
    <repoKey>docker-local</repoKey>
    <path>jfmc-installer/latest/sha256__d20c18bb673e46da7f5faf3a6a498340b6990e70f1365a1289bccad7899fff94</path>
    <folder>false</folder>
  </repoPath>
  <name>sha256__d20c18bb673e46da7f5faf3a6a498340b6990e70f1365a1289bccad7899fff94</name>
  <created>1521757367490</created>
  <lastModified>1521757342221</lastModified>
  <size>50003328</size>
  <additionalInfo>
    <createdBy>admin</createdBy>
    <modifiedBy>admin</modifiedBy>
    <lastUpdated>1585119695056</lastUpdated>
    <checksumsInfo>
      <checksums>
        <checksum>
          <type>sha1</type>
          <original>5c56379e6038d8c343428fa3ad6352d720130202</original>
          <actual>5c56379e6038d8c343428fa3ad6352d720130202</actual>
        </checksum>
        <checksum>
          <type>md5</type>
          <original>434032b912cc6440983926c4a8c7d08b</original>
          <actual>434032b912cc6440983926c4a8c7d08b</actual>
        </checksum>
        <checksum>
          <type>sha256</type>
          <original>NO_ORIG</original>
          <actual>d20c18bb673e46da7f5faf3a6a498340b6990e70f1365a1289bccad7899fff94</actual>
        </checksum>
      </checksums>
    </checksumsInfo>
  </additionalInfo>
</artifactory-file>