<?xml version='1.0' encoding='UTF-8'?>
<artifactory-file>
  <repoPath>
    <repoKey>docker-local</repoKey>
    <path>ubuntu/bionic/sha256__14ca88e9f6723ce82bc14b241cda8634f6d19677184691d086662641ab96fe68</path>
    <folder>false</folder>
  </repoPath>
  <name>sha256__14ca88e9f6723ce82bc14b241cda8634f6d19677184691d086662641ab96fe68</name>
  <created>1585118803396</created>
  <lastModified>1585118801716</lastModified>
  <size>35352</size>
  <additionalInfo>
    <createdBy>admin</createdBy>
    <modifiedBy>admin</modifiedBy>
    <lastUpdated>1585118803396</lastUpdated>
    <checksumsInfo>
      <checksums>
        <checksum>
          <type>sha1</type>
          <actual>d2a8d12d80de8b47e63000358fd7784543bcc994</actual>
        </checksum>
        <checksum>
          <type>md5</type>
          <actual>d9e01a620c990624db84facd6da4bbf2</actual>
        </checksum>
        <checksum>
          <type>sha256</type>
          <original>NO_ORIG</original>
          <actual>14ca88e9f6723ce82bc14b241cda8634f6d19677184691d086662641ab96fe68</actual>
        </checksum>
      </checksums>
    </checksumsInfo>
  </additionalInfo>
</artifactory-file>