<?xml version='1.0' encoding='UTF-8'?>
<artifactory-file>
  <repoPath>
    <repoKey>docker-local</repoKey>
    <path>composer/latest/sha256__605ce1bd3f3164f2949a30501cc596f52a72de05da1306ab360055f0d7130c32</path>
    <folder>false</folder>
  </repoPath>
  <name>sha256__605ce1bd3f3164f2949a30501cc596f52a72de05da1306ab360055f0d7130c32</name>
  <created>1522554288312</created>
  <lastModified>1522554288000</lastModified>
  <size>1991747</size>
  <additionalInfo>
    <createdBy>admin</createdBy>
    <modifiedBy>admin</modifiedBy>
    <lastUpdated>1585119318695</lastUpdated>
    <checksumsInfo>
      <checksums>
        <checksum>
          <type>sha1</type>
          <original>80dbb4cd59c30059e3493317b8d444f374c93fce</original>
          <actual>80dbb4cd59c30059e3493317b8d444f374c93fce</actual>
        </checksum>
        <checksum>
          <type>md5</type>
          <original>a9ab2fe67311f8d56a3ecfaecb4c4fd8</original>
          <actual>a9ab2fe67311f8d56a3ecfaecb4c4fd8</actual>
        </checksum>
        <checksum>
          <type>sha256</type>
          <original>NO_ORIG</original>
          <actual>605ce1bd3f3164f2949a30501cc596f52a72de05da1306ab360055f0d7130c32</actual>
        </checksum>
      </checksums>
    </checksumsInfo>
  </additionalInfo>
</artifactory-file>