<?xml version='1.0' encoding='UTF-8'?>
<artifactory-file>
  <repoPath>
    <repoKey>docker-local</repoKey>
    <path>teamcity/latest/sha256__2cf01472420269093f2df54934448c1897eed7a8f0ec8f2056b6d67cb012fb78</path>
    <folder>false</folder>
  </repoPath>
  <name>sha256__2cf01472420269093f2df54934448c1897eed7a8f0ec8f2056b6d67cb012fb78</name>
  <created>1570122295577</created>
  <lastModified>1570122231829</lastModified>
  <size>131618577</size>
  <additionalInfo>
    <createdBy>admin</createdBy>
    <modifiedBy>admin</modifiedBy>
    <lastUpdated>1585119995049</lastUpdated>
    <checksumsInfo>
      <checksums>
        <checksum>
          <type>sha1</type>
          <actual>32d07fbd5ce90bce4086608da357fcf8ba08cca5</actual>
        </checksum>
        <checksum>
          <type>md5</type>
          <actual>7edf93e718c2ab1cf57350193ec8b54f</actual>
        </checksum>
        <checksum>
          <type>sha256</type>
          <original>NO_ORIG</original>
          <actual>2cf01472420269093f2df54934448c1897eed7a8f0ec8f2056b6d67cb012fb78</actual>
        </checksum>
      </checksums>
    </checksumsInfo>
  </additionalInfo>
</artifactory-file>