<?xml version='1.0' encoding='UTF-8'?>
<artifactory-file>
  <repoPath>
    <repoKey>docker-local</repoKey>
    <path>large10gpart1/latest/sha256__ba1143cf5b961e34c268191adcf286445a90b27f2b234dc98eabd931cd90a1ff</path>
    <folder>false</folder>
  </repoPath>
  <name>sha256__ba1143cf5b961e34c268191adcf286445a90b27f2b234dc98eabd931cd90a1ff</name>
  <created>1576618996752</created>
  <lastModified>1576618996701</lastModified>
  <size>4434</size>
  <additionalInfo>
    <createdBy>admin</createdBy>
    <modifiedBy>admin</modifiedBy>
    <lastUpdated>1585119753771</lastUpdated>
    <checksumsInfo>
      <checksums>
        <checksum>
          <type>sha1</type>
          <actual>0d5fd5c116cdfec3506e677a5a6ac0a54acd45fe</actual>
        </checksum>
        <checksum>
          <type>md5</type>
          <actual>68c2051cd9e5953f9a10555df4108c38</actual>
        </checksum>
        <checksum>
          <type>sha256</type>
          <original>NO_ORIG</original>
          <actual>ba1143cf5b961e34c268191adcf286445a90b27f2b234dc98eabd931cd90a1ff</actual>
        </checksum>
      </checksums>
    </checksumsInfo>
  </additionalInfo>
</artifactory-file>