<?xml version='1.0' encoding='UTF-8'?>
<artifactory-file>
  <repoPath>
    <repoKey>docker-local</repoKey>
    <path>openjdk/latest/manifest.json</path>
    <folder>false</folder>
  </repoPath>
  <name>manifest.json</name>
  <created>1585119073647</created>
  <lastModified>1585119073642</lastModified>
  <size>954</size>
  <additionalInfo>
    <createdBy>admin</createdBy>
    <modifiedBy>admin</modifiedBy>
    <lastUpdated>1585119073648</lastUpdated>
    <checksumsInfo>
      <checksums>
        <checksum>
          <type>sha1</type>
          <actual>f846cfed7d7ae4a969133730caa417021660d88d</actual>
        </checksum>
        <checksum>
          <type>md5</type>
          <actual>09b6e4c4739027871755df436441490a</actual>
        </checksum>
        <checksum>
          <type>sha256</type>
          <original>NO_ORIG</original>
          <actual>221f36c282ea61f4121e1c6380a76bed8e3757e3aeb29c6fbf869bf832638454</actual>
        </checksum>
      </checksums>
    </checksumsInfo>
  </additionalInfo>
</artifactory-file>