<?xml version='1.0' encoding='UTF-8'?>
<artifactory-file>
  <repoPath>
    <repoKey>docker-local</repoKey>
    <path>mysql/latest/sha256__aaf442a8fe75d6272677a1bb33dc9e285f56a98d63617dda3fc9987635c9c683</path>
    <folder>false</folder>
  </repoPath>
  <name>sha256__aaf442a8fe75d6272677a1bb33dc9e285f56a98d63617dda3fc9987635c9c683</name>
  <created>1521665822918</created>
  <lastModified>1521665822868</lastModified>
  <size>21024</size>
  <additionalInfo>
    <createdBy>admin</createdBy>
    <modifiedBy>admin</modifiedBy>
    <lastUpdated>1585119897734</lastUpdated>
    <checksumsInfo>
      <checksums>
        <checksum>
          <type>sha1</type>
          <original>397ea19ad95a4599bd58ec10a4592616b74bda8b</original>
          <actual>397ea19ad95a4599bd58ec10a4592616b74bda8b</actual>
        </checksum>
        <checksum>
          <type>md5</type>
          <original>abdb62e54f0a1eb3cc7fb2c0801b4f11</original>
          <actual>abdb62e54f0a1eb3cc7fb2c0801b4f11</actual>
        </checksum>
        <checksum>
          <type>sha256</type>
          <original>NO_ORIG</original>
          <actual>aaf442a8fe75d6272677a1bb33dc9e285f56a98d63617dda3fc9987635c9c683</actual>
        </checksum>
      </checksums>
    </checksumsInfo>
  </additionalInfo>
</artifactory-file>