<?xml version='1.0' encoding='UTF-8'?>
<artifactory-file>
  <repoPath>
    <repoKey>docker-local</repoKey>
    <path>vkbtest/latest/sha256__ebf1fb961f612b70f32c7d9184c8b3e06b9f427dff8c77385a489a4f2fbfac12</path>
    <folder>false</folder>
  </repoPath>
  <name>sha256__ebf1fb961f612b70f32c7d9184c8b3e06b9f427dff8c77385a489a4f2fbfac12</name>
  <created>1570640115231</created>
  <lastModified>1570640071803</lastModified>
  <size>90404251</size>
  <additionalInfo>
    <createdBy>admin</createdBy>
    <modifiedBy>admin</modifiedBy>
    <lastUpdated>1585120197032</lastUpdated>
    <checksumsInfo>
      <checksums>
        <checksum>
          <type>sha1</type>
          <actual>f9d71d5b2f76462643c43821a5ded1e4d66437b4</actual>
        </checksum>
        <checksum>
          <type>md5</type>
          <actual>a4b3992faebaed9ef18bdbd9272d5d31</actual>
        </checksum>
        <checksum>
          <type>sha256</type>
          <original>NO_ORIG</original>
          <actual>ebf1fb961f612b70f32c7d9184c8b3e06b9f427dff8c77385a489a4f2fbfac12</actual>
        </checksum>
      </checksums>
    </checksumsInfo>
  </additionalInfo>
</artifactory-file>