<?xml version='1.0' encoding='UTF-8'?>
<artifactory-file>
  <repoPath>
    <repoKey>docker-local</repoKey>
    <path>vkbtest/latest/sha256__c3dca185eb1482e83381d99881430ebc179e91f0969bc905207cd1e2312e5b57</path>
    <folder>false</folder>
  </repoPath>
  <name>sha256__c3dca185eb1482e83381d99881430ebc179e91f0969bc905207cd1e2312e5b57</name>
  <created>1570640077706</created>
  <lastModified>1570640074091</lastModified>
  <size>9673671</size>
  <additionalInfo>
    <createdBy>admin</createdBy>
    <modifiedBy>admin</modifiedBy>
    <lastUpdated>1585120186710</lastUpdated>
    <checksumsInfo>
      <checksums>
        <checksum>
          <type>sha1</type>
          <actual>49d868b42a23f5ee286d5e180bd14ea523ced39c</actual>
        </checksum>
        <checksum>
          <type>md5</type>
          <actual>9a050e0aae418aed24d940a15413d5dc</actual>
        </checksum>
        <checksum>
          <type>sha256</type>
          <original>NO_ORIG</original>
          <actual>c3dca185eb1482e83381d99881430ebc179e91f0969bc905207cd1e2312e5b57</actual>
        </checksum>
      </checksums>
    </checksumsInfo>
  </additionalInfo>
</artifactory-file>