<?xml version='1.0' encoding='UTF-8'?>
<artifactory-file>
  <repoPath>
    <repoKey>docker-local</repoKey>
    <path>testnew117805/5/sha256__a0a24c454323fb74c0b3e6d7030b3d4efe5da94509c1781b8e0c8bccee16f78a</path>
    <folder>false</folder>
  </repoPath>
  <name>sha256__a0a24c454323fb74c0b3e6d7030b3d4efe5da94509c1781b8e0c8bccee16f78a</name>
  <created>1573602151738</created>
  <lastModified>1573602151693</lastModified>
  <size>90</size>
  <additionalInfo>
    <createdBy>admin</createdBy>
    <modifiedBy>admin</modifiedBy>
    <lastUpdated>1585120123084</lastUpdated>
    <checksumsInfo>
      <checksums>
        <checksum>
          <type>sha1</type>
          <actual>92e6171a7c8f1fbf6e4d79ff0c47ff6794d0d0a5</actual>
        </checksum>
        <checksum>
          <type>md5</type>
          <actual>5605f79c3f4e7b3a7c10f8b3ecfc1106</actual>
        </checksum>
        <checksum>
          <type>sha256</type>
          <original>NO_ORIG</original>
          <actual>a0a24c454323fb74c0b3e6d7030b3d4efe5da94509c1781b8e0c8bccee16f78a</actual>
        </checksum>
      </checksums>
    </checksumsInfo>
  </additionalInfo>
</artifactory-file>