<?xml version='1.0' encoding='UTF-8'?>
<artifactory-file>
  <repoPath>
    <repoKey>docker-local</repoKey>
    <path>mysql/latest/sha256__7c6fa8f07ec4a8c822d5a6af8f1930a8f47782103084819f8671ae7b4f274deb</path>
    <folder>false</folder>
  </repoPath>
  <name>sha256__7c6fa8f07ec4a8c822d5a6af8f1930a8f47782103084819f8671ae7b4f274deb</name>
  <created>1521665822885</created>
  <lastModified>1521665822880</lastModified>
  <size>225</size>
  <additionalInfo>
    <createdBy>admin</createdBy>
    <modifiedBy>admin</modifiedBy>
    <lastUpdated>1585119891584</lastUpdated>
    <checksumsInfo>
      <checksums>
        <checksum>
          <type>sha1</type>
          <original>f4ae2467fe70d47c641d02d19e95b3757576f6bc</original>
          <actual>f4ae2467fe70d47c641d02d19e95b3757576f6bc</actual>
        </checksum>
        <checksum>
          <type>md5</type>
          <original>fd4b4fa1cb6bf5311b51e5810bf8a39e</original>
          <actual>fd4b4fa1cb6bf5311b51e5810bf8a39e</actual>
        </checksum>
        <checksum>
          <type>sha256</type>
          <original>NO_ORIG</original>
          <actual>7c6fa8f07ec4a8c822d5a6af8f1930a8f47782103084819f8671ae7b4f274deb</actual>
        </checksum>
      </checksums>
    </checksumsInfo>
  </additionalInfo>
</artifactory-file>