<?xml version='1.0' encoding='UTF-8'?>
<artifactory-file>
  <repoPath>
    <repoKey>docker-local</repoKey>
    <path>large10gpart1/latest/sha256__8b7769b70b144c6d5539ac8b2d2b415075fc7067fbe96a82f25f66f2f8361d76</path>
    <folder>false</folder>
  </repoPath>
  <name>sha256__8b7769b70b144c6d5539ac8b2d2b415075fc7067fbe96a82f25f66f2f8361d76</name>
  <created>1576618916191</created>
  <lastModified>1576618916146</lastModified>
  <size>343</size>
  <additionalInfo>
    <createdBy>admin</createdBy>
    <modifiedBy>admin</modifiedBy>
    <lastUpdated>1585119747816</lastUpdated>
    <checksumsInfo>
      <checksums>
        <checksum>
          <type>sha1</type>
          <actual>25782e1d1f0aedc3dc0fc3143a8704de75c25cfc</actual>
        </checksum>
        <checksum>
          <type>md5</type>
          <actual>fc6f56d9852a5410277dcced9c4c9d7a</actual>
        </checksum>
        <checksum>
          <type>sha256</type>
          <original>NO_ORIG</original>
          <actual>8b7769b70b144c6d5539ac8b2d2b415075fc7067fbe96a82f25f66f2f8361d76</actual>
        </checksum>
      </checksums>
    </checksumsInfo>
  </additionalInfo>
</artifactory-file>