<?xml version='1.0' encoding='UTF-8'?>
<artifactory-file>
  <repoPath>
    <repoKey>docker-local</repoKey>
    <path>ubuntu/bionic/manifest.json</path>
    <folder>false</folder>
  </repoPath>
  <name>manifest.json</name>
  <created>1585118836551</created>
  <lastModified>1585118836546</lastModified>
  <size>1152</size>
  <additionalInfo>
    <createdBy>admin</createdBy>
    <modifiedBy>admin</modifiedBy>
    <lastUpdated>1585118836552</lastUpdated>
    <checksumsInfo>
      <checksums>
        <checksum>
          <type>sha1</type>
          <actual>09251fcd887298cdeefc25cdf8200072c4b5ecd0</actual>
        </checksum>
        <checksum>
          <type>md5</type>
          <actual>e3a474e41a8bf20c20f45b417f1f47af</actual>
        </checksum>
        <checksum>
          <type>sha256</type>
          <original>NO_ORIG</original>
          <actual>eb70667a801686f914408558660da753cde27192cd036148e58258819b927395</actual>
        </checksum>
      </checksums>
    </checksumsInfo>
  </additionalInfo>
</artifactory-file>