<?xml version='1.0' encoding='UTF-8'?>
<artifactory-file>
  <repoPath>
    <repoKey>docker-local</repoKey>
    <path>vkbtest/latest/manifest.json</path>
    <folder>false</folder>
  </repoPath>
  <name>manifest.json</name>
  <created>1570640210240</created>
  <lastModified>1570640210226</lastModified>
  <size>3046</size>
  <additionalInfo>
    <createdBy>admin</createdBy>
    <modifiedBy>admin</modifiedBy>
    <lastUpdated>1585120125340</lastUpdated>
    <checksumsInfo>
      <checksums>
        <checksum>
          <type>sha1</type>
          <actual>e2f0b930099cee44d80872e9967dcfe036f07f2c</actual>
        </checksum>
        <checksum>
          <type>md5</type>
          <actual>f89f9469106303c9ae30e10708b08797</actual>
        </checksum>
        <checksum>
          <type>sha256</type>
          <original>NO_ORIG</original>
          <actual>62b6e1d2516e6a1d4eb662d4e4b978eddea1002e83136188560f2c488297e178</actual>
        </checksum>
      </checksums>
    </checksumsInfo>
  </additionalInfo>
</artifactory-file>