<?xml version='1.0' encoding='UTF-8'?>
<properties>
  <docker.label.org.label-schema.vendor>CentOS</docker.label.org.label-schema.vendor>
  <sha256>62b6e1d2516e6a1d4eb662d4e4b978eddea1002e83136188560f2c488297e178</sha256>
  <docker.label.com.redhat.deployments-dir>/wildfly/standalone/deployments</docker.label.com.redhat.deployments-dir>
  <docker.label.com.redhat.component>s2i-base-container</docker.label.com.redhat.component>
  <docker.label.summary>Base image with essential libraries and tools used as a base for builder images like perl, python, ruby, etc.</docker.label.summary>
  <docker.label.io.s2i.scripts-url>image:///usr/libexec/s2i</docker.label.io.s2i.scripts-url>
  <docker.label.io.k8s.display-name>WildFly 11.0.0.Final</docker.label.io.k8s.display-name>
  <docker.label.org.label-schema.schema-version>1.0</docker.label.org.label-schema.schema-version>
  <docker.label.version>1</docker.label.version>
  <docker.label.name>centos/s2i-base-centos7</docker.label.name>
  <docker.label.io.openshift.s2i.assemble-input-files>/wildfly/standalone/deployments;/wildfly/standalone/configuration;/wildfly/provided_modules</docker.label.io.openshift.s2i.assemble-input-files>
  <docker.label.org.label-schema.license>GPLv2</docker.label.org.label-schema.license>
  <docker.manifest.type>application/vnd.docker.distribution.manifest.v2+json</docker.manifest.type>
  <docker.label.maintainer>Ben Parees &lt;bparees@redhat.com></docker.label.maintainer>
  <docker.label.org.label-schema.name>CentOS Base Image</docker.label.org.label-schema.name>
  <docker.label.io.openshift.expose-services>8080:http</docker.label.io.openshift.expose-services>
  <docker.repoName>vkbtest</docker.repoName>
  <docker.manifest.digest>sha256:62b6e1d2516e6a1d4eb662d4e4b978eddea1002e83136188560f2c488297e178</docker.manifest.digest>
  <docker.label.io.openshift.s2i.destination>/opt/s2i/destination</docker.label.io.openshift.s2i.destination>
  <docker.label.io.openshift.s2i.scripts-url>image:///usr/libexec/s2i</docker.label.io.openshift.s2i.scripts-url>
  <docker.manifest>latest</docker.manifest>
  <docker.label.io.openshift.builder-version>ec1407a</docker.label.io.openshift.builder-version>
  <docker.label.description>The s2i-base image, being built upon s2i-core, provides any images layered on top of it with all the tools needed to use source-to-image functionality. Additionally, s2i-base also contains various libraries needed for it to serve as a base for other builder images, like s2i-python or s2i-ruby.</docker.label.description>
  <docker.label.io.openshift.tags>builder,wildfly,wildfly11</docker.label.io.openshift.tags>
  <docker.label.org.label-schema.build-date>20190305</docker.label.org.label-schema.build-date>
  <docker.label.io.k8s.description>Platform for building and running JEE applications on WildFly 11.0.0.Final</docker.label.io.k8s.description>
</properties>