<?xml version='1.0' encoding='UTF-8'?>
<artifactory-file>
  <repoPath>
    <repoKey>docker-local</repoKey>
    <path>composer/latest/sha256__338675a8189871ea402201379092160ef298f549d62acedffbd004a638d8164d</path>
    <folder>false</folder>
  </repoPath>
  <name>sha256__338675a8189871ea402201379092160ef298f549d62acedffbd004a638d8164d</name>
  <created>1521501314700</created>
  <lastModified>1521501307475</lastModified>
  <size>30696127</size>
  <additionalInfo>
    <createdBy>admin</createdBy>
    <modifiedBy>admin</modifiedBy>
    <lastUpdated>1585119315726</lastUpdated>
    <checksumsInfo>
      <checksums>
        <checksum>
          <type>sha1</type>
          <original>e329c9b8a84ceecf3855359ae83ade8d1e66bee6</original>
          <actual>e329c9b8a84ceecf3855359ae83ade8d1e66bee6</actual>
        </checksum>
        <checksum>
          <type>md5</type>
          <original>a24583cf432c9cb0b59a111cdf1484a7</original>
          <actual>a24583cf432c9cb0b59a111cdf1484a7</actual>
        </checksum>
        <checksum>
          <type>sha256</type>
          <original>NO_ORIG</original>
          <actual>338675a8189871ea402201379092160ef298f549d62acedffbd004a638d8164d</actual>
        </checksum>
      </checksums>
    </checksumsInfo>
  </additionalInfo>
</artifactory-file>