<?xml version='1.0' encoding='UTF-8'?>
<artifactory-file>
  <repoPath>
    <repoKey>docker-local</repoKey>
    <path>composer/latest/sha256__0b6bbc4ef97b872265ea4b5f1682d28ac2f551e6ac0ac58a2f0153da0f5ffc19</path>
    <folder>false</folder>
  </repoPath>
  <name>sha256__0b6bbc4ef97b872265ea4b5f1682d28ac2f551e6ac0ac58a2f0153da0f5ffc19</name>
  <created>1521501307412</created>
  <lastModified>1521501307193</lastModified>
  <size>482864</size>
  <additionalInfo>
    <createdBy>admin</createdBy>
    <modifiedBy>admin</modifiedBy>
    <lastUpdated>1585119301755</lastUpdated>
    <checksumsInfo>
      <checksums>
        <checksum>
          <type>sha1</type>
          <original>0f4ead3fa61efd5eb471b3c91c963622c42447db</original>
          <actual>0f4ead3fa61efd5eb471b3c91c963622c42447db</actual>
        </checksum>
        <checksum>
          <type>md5</type>
          <original>9b7ec83e6724a186a59dd8f12f3699a5</original>
          <actual>9b7ec83e6724a186a59dd8f12f3699a5</actual>
        </checksum>
        <checksum>
          <type>sha256</type>
          <original>NO_ORIG</original>
          <actual>0b6bbc4ef97b872265ea4b5f1682d28ac2f551e6ac0ac58a2f0153da0f5ffc19</actual>
        </checksum>
      </checksums>
    </checksumsInfo>
  </additionalInfo>
</artifactory-file>