<?xml version='1.0' encoding='UTF-8'?>
<artifactory-file>
  <repoPath>
    <repoKey>docker-local</repoKey>
    <path>mysql/latest/sha256__8176e34d5d92775e15a602541e02fec25a22933a12561c114436b757b8e7a9e8</path>
    <folder>false</folder>
  </repoPath>
  <name>sha256__8176e34d5d92775e15a602541e02fec25a22933a12561c114436b757b8e7a9e8</name>
  <created>1521665839594</created>
  <lastModified>1521665834079</lastModified>
  <size>22496767</size>
  <additionalInfo>
    <createdBy>admin</createdBy>
    <modifiedBy>admin</modifiedBy>
    <lastUpdated>1585119896217</lastUpdated>
    <checksumsInfo>
      <checksums>
        <checksum>
          <type>sha1</type>
          <original>372d5e3e9e8450858d166e1b8baa3500c1811edd</original>
          <actual>372d5e3e9e8450858d166e1b8baa3500c1811edd</actual>
        </checksum>
        <checksum>
          <type>md5</type>
          <original>d2f36cbffc3cf64f82eca337d79e4e98</original>
          <actual>d2f36cbffc3cf64f82eca337d79e4e98</actual>
        </checksum>
        <checksum>
          <type>sha256</type>
          <original>NO_ORIG</original>
          <actual>8176e34d5d92775e15a602541e02fec25a22933a12561c114436b757b8e7a9e8</actual>
        </checksum>
      </checksums>
    </checksumsInfo>
  </additionalInfo>
</artifactory-file>