<?xml version='1.0' encoding='UTF-8'?>
<artifactory-file>
  <repoPath>
    <repoKey>docker-local</repoKey>
    <path>ubuntu/bionic/sha256__a31c3b1caad473a474d574283741f880e37c708cc06ee620d3e93fa602125ee0</path>
    <folder>false</folder>
  </repoPath>
  <name>sha256__a31c3b1caad473a474d574283741f880e37c708cc06ee620d3e93fa602125ee0</name>
  <created>1585118801728</created>
  <lastModified>1585118801721</lastModified>
  <size>849</size>
  <additionalInfo>
    <createdBy>admin</createdBy>
    <modifiedBy>admin</modifiedBy>
    <lastUpdated>1585118801728</lastUpdated>
    <checksumsInfo>
      <checksums>
        <checksum>
          <type>sha1</type>
          <actual>32781311d5b1ed53fd7c961878c409b783d079ee</actual>
        </checksum>
        <checksum>
          <type>md5</type>
          <actual>dc764ae948ced70f9d907bb2a763a77c</actual>
        </checksum>
        <checksum>
          <type>sha256</type>
          <original>NO_ORIG</original>
          <actual>a31c3b1caad473a474d574283741f880e37c708cc06ee620d3e93fa602125ee0</actual>
        </checksum>
      </checksums>
    </checksumsInfo>
  </additionalInfo>
</artifactory-file>