<?xml version='1.0' encoding='UTF-8'?>
<artifactory-file>
  <repoPath>
    <repoKey>docker-local</repoKey>
    <path>composer/latest/sha256__7963c90c835a47aacef9a89e2028103b267818e84b69293ce2045917158a6ba5</path>
    <folder>false</folder>
  </repoPath>
  <name>sha256__7963c90c835a47aacef9a89e2028103b267818e84b69293ce2045917158a6ba5</name>
  <created>1521501308636</created>
  <lastModified>1521501308633</lastModified>
  <size>1250</size>
  <additionalInfo>
    <createdBy>admin</createdBy>
    <modifiedBy>admin</modifiedBy>
    <lastUpdated>1585119320218</lastUpdated>
    <checksumsInfo>
      <checksums>
        <checksum>
          <type>sha1</type>
          <original>f018b1f0525f941c46f0e1d1598698c97f330cc1</original>
          <actual>f018b1f0525f941c46f0e1d1598698c97f330cc1</actual>
        </checksum>
        <checksum>
          <type>md5</type>
          <original>5bb7b03e00ce976c7829c901bd5cc9d7</original>
          <actual>5bb7b03e00ce976c7829c901bd5cc9d7</actual>
        </checksum>
        <checksum>
          <type>sha256</type>
          <original>NO_ORIG</original>
          <actual>7963c90c835a47aacef9a89e2028103b267818e84b69293ce2045917158a6ba5</actual>
        </checksum>
      </checksums>
    </checksumsInfo>
  </additionalInfo>
</artifactory-file>