<?xml version='1.0' encoding='UTF-8'?>
<artifactory-file>
  <repoPath>
    <repoKey>docker-local</repoKey>
    <path>composer/latest/sha256__8e54b4de566f265c1c9a7a165b80096ee95fc00af02336dc084124a05e31c7e0</path>
    <folder>false</folder>
  </repoPath>
  <name>sha256__8e54b4de566f265c1c9a7a165b80096ee95fc00af02336dc084124a05e31c7e0</name>
  <created>1521501307321</created>
  <lastModified>1521501307302</lastModified>
  <size>285</size>
  <additionalInfo>
    <createdBy>admin</createdBy>
    <modifiedBy>admin</modifiedBy>
    <lastUpdated>1585119320975</lastUpdated>
    <checksumsInfo>
      <checksums>
        <checksum>
          <type>sha1</type>
          <original>ad6b2a7daf866612d6788244c0e81ca6e3389193</original>
          <actual>ad6b2a7daf866612d6788244c0e81ca6e3389193</actual>
        </checksum>
        <checksum>
          <type>md5</type>
          <original>243abe148a2a72b55bcd18e6cb3ca6b2</original>
          <actual>243abe148a2a72b55bcd18e6cb3ca6b2</actual>
        </checksum>
        <checksum>
          <type>sha256</type>
          <original>NO_ORIG</original>
          <actual>8e54b4de566f265c1c9a7a165b80096ee95fc00af02336dc084124a05e31c7e0</actual>
        </checksum>
      </checksums>
    </checksumsInfo>
  </additionalInfo>
</artifactory-file>