<?xml version='1.0' encoding='UTF-8'?>
<artifactory-file>
  <repoPath>
    <repoKey>docker-local</repoKey>
    <path>large10gpart1/latest/sha256__c1bbdc448b7263673926b8fe2e88491e5083a8b4b06ddfabf311f2fc5f27e2ff</path>
    <folder>false</folder>
  </repoPath>
  <name>sha256__c1bbdc448b7263673926b8fe2e88491e5083a8b4b06ddfabf311f2fc5f27e2ff</name>
  <created>1576003049660</created>
  <lastModified>1576003049265</lastModified>
  <size>35362</size>
  <additionalInfo>
    <createdBy>admin</createdBy>
    <modifiedBy>admin</modifiedBy>
    <lastUpdated>1585119754532</lastUpdated>
    <checksumsInfo>
      <checksums>
        <checksum>
          <type>sha1</type>
          <original>NO_ORIG</original>
          <actual>e9799bff6f87e638e45034dbf7c11dcce6d774c9</actual>
        </checksum>
        <checksum>
          <type>md5</type>
          <original>NO_ORIG</original>
          <actual>2f93977ee6d3d953f94d4ea9b4b4eec2</actual>
        </checksum>
        <checksum>
          <type>sha256</type>
          <original>NO_ORIG</original>
          <actual>c1bbdc448b7263673926b8fe2e88491e5083a8b4b06ddfabf311f2fc5f27e2ff</actual>
        </checksum>
      </checksums>
    </checksumsInfo>
  </additionalInfo>
</artifactory-file>