<?xml version='1.0' encoding='UTF-8'?>
<artifactory-file>
  <repoPath>
    <repoKey>docker-local</repoKey>
    <path>slackbot-v0.1.0/latest/sha256__a6bf6439f920ed40fc65aef96e793213c9f3161c05be54608cdb867a70daab76</path>
    <folder>false</folder>
  </repoPath>
  <name>sha256__a6bf6439f920ed40fc65aef96e793213c9f3161c05be54608cdb867a70daab76</name>
  <created>1580251445302</created>
  <lastModified>1580251416905</lastModified>
  <size>151018313</size>
  <additionalInfo>
    <createdBy>scott</createdBy>
    <modifiedBy>scott</modifiedBy>
    <lastUpdated>1585119971447</lastUpdated>
    <checksumsInfo>
      <checksums>
        <checksum>
          <type>sha1</type>
          <actual>c23accf0b61d8caffa43f1165af3242ff3cb4295</actual>
        </checksum>
        <checksum>
          <type>md5</type>
          <actual>4bb0dfc861aa93c79b882c66ebdc3501</actual>
        </checksum>
        <checksum>
          <type>sha256</type>
          <original>NO_ORIG</original>
          <actual>a6bf6439f920ed40fc65aef96e793213c9f3161c05be54608cdb867a70daab76</actual>
        </checksum>
      </checksums>
    </checksumsInfo>
  </additionalInfo>
</artifactory-file>