<?xml version='1.0' encoding='UTF-8'?>
<artifactory-file>
  <repoPath>
    <repoKey>docker-local</repoKey>
    <path>composer/latest/sha256__df6e3b1fa4c7b6b1b102e79a8c77f229035024b62cd6ed04a6c8855b35014658</path>
    <folder>false</folder>
  </repoPath>
  <name>sha256__df6e3b1fa4c7b6b1b102e79a8c77f229035024b62cd6ed04a6c8855b35014658</name>
  <created>1522554297476</created>
  <lastModified>1522554296444</lastModified>
  <size>12117648</size>
  <additionalInfo>
    <createdBy>admin</createdBy>
    <modifiedBy>admin</modifiedBy>
    <lastUpdated>1585119328480</lastUpdated>
    <checksumsInfo>
      <checksums>
        <checksum>
          <type>sha1</type>
          <original>621a5a7b9aec84ceebf811b591790108dd1e4382</original>
          <actual>621a5a7b9aec84ceebf811b591790108dd1e4382</actual>
        </checksum>
        <checksum>
          <type>md5</type>
          <original>36c98f5ba8d5e2c1fcd26dcde4d772a6</original>
          <actual>36c98f5ba8d5e2c1fcd26dcde4d772a6</actual>
        </checksum>
        <checksum>
          <type>sha256</type>
          <original>NO_ORIG</original>
          <actual>df6e3b1fa4c7b6b1b102e79a8c77f229035024b62cd6ed04a6c8855b35014658</actual>
        </checksum>
      </checksums>
    </checksumsInfo>
  </additionalInfo>
</artifactory-file>