<?xml version='1.0' encoding='UTF-8'?>
<artifactory-file>
  <repoPath>
    <repoKey>generic-local</repoKey>
    <path>Docker.dmg</path>
    <folder>false</folder>
  </repoPath>
  <name>Docker.dmg</name>
  <created>1568078099316</created>
  <lastModified>1568078084012</lastModified>
  <size>523096368</size>
  <additionalInfo>
    <createdBy>admin</createdBy>
    <modifiedBy>admin</modifiedBy>
    <lastUpdated>1585117512639</lastUpdated>
    <checksumsInfo>
      <checksums>
        <checksum>
          <type>sha1</type>
          <original>d9b53498955cd3734edcb3d43949262ae59c5d94</original>
          <actual>d9b53498955cd3734edcb3d43949262ae59c5d94</actual>
        </checksum>
        <checksum>
          <type>md5</type>
          <original>095d6f911a22d8e584f27d1cf0c6ddd5</original>
          <actual>095d6f911a22d8e584f27d1cf0c6ddd5</actual>
        </checksum>
        <checksum>
          <type>sha256</type>
          <original>NO_ORIG</original>
          <actual>3429eac38cf0d198039ad6e1adce0016f642cdb914a34c67ce40f069cdb047a5</actual>
        </checksum>
      </checksums>
    </checksumsInfo>
  </additionalInfo>
</artifactory-file>