<?xml version='1.0' encoding='UTF-8'?>
<artifactory-file>
  <repoPath>
    <repoKey>docker-local</repoKey>
    <path>large10gpart1/latest/sha256__e8bf950f46bc960943e37c600aa38f3cad8ea74706946bc82d89ba5f65a8f315</path>
    <folder>false</folder>
  </repoPath>
  <name>sha256__e8bf950f46bc960943e37c600aa38f3cad8ea74706946bc82d89ba5f65a8f315</name>
  <created>1576618917143</created>
  <lastModified>1576618917124</lastModified>
  <size>98</size>
  <additionalInfo>
    <createdBy>admin</createdBy>
    <modifiedBy>admin</modifiedBy>
    <lastUpdated>1585119755303</lastUpdated>
    <checksumsInfo>
      <checksums>
        <checksum>
          <type>sha1</type>
          <actual>1bac0e6645b493079c9d7b72f6bb5b1cb950d48c</actual>
        </checksum>
        <checksum>
          <type>md5</type>
          <actual>908883bfa8bb21717d4760485eb65eaf</actual>
        </checksum>
        <checksum>
          <type>sha256</type>
          <original>NO_ORIG</original>
          <actual>e8bf950f46bc960943e37c600aa38f3cad8ea74706946bc82d89ba5f65a8f315</actual>
        </checksum>
      </checksums>
    </checksumsInfo>
  </additionalInfo>
</artifactory-file>