<?xml version='1.0' encoding='UTF-8'?>
<artifactory-file>
  <repoPath>
    <repoKey>docker-local</repoKey>
    <path>openjdk/latest/sha256__eabeb058e38fd5f01e81ef30acc06916a699f6b39e8b72178e882184c8bf2f3d</path>
    <folder>false</folder>
  </repoPath>
  <name>sha256__eabeb058e38fd5f01e81ef30acc06916a699f6b39e8b72178e882184c8bf2f3d</name>
  <created>1585119065788</created>
  <lastModified>1585118909065</lastModified>
  <size>196422243</size>
  <additionalInfo>
    <createdBy>admin</createdBy>
    <modifiedBy>admin</modifiedBy>
    <lastUpdated>1585119065789</lastUpdated>
    <checksumsInfo>
      <checksums>
        <checksum>
          <type>sha1</type>
          <actual>784838738e5ccecdeaecd55be690f6c460e4ecdd</actual>
        </checksum>
        <checksum>
          <type>md5</type>
          <actual>10bdcb59555ef553cc97f9caf4407b68</actual>
        </checksum>
        <checksum>
          <type>sha256</type>
          <original>NO_ORIG</original>
          <actual>eabeb058e38fd5f01e81ef30acc06916a699f6b39e8b72178e882184c8bf2f3d</actual>
        </checksum>
      </checksums>
    </checksumsInfo>
  </additionalInfo>
</artifactory-file>