<?xml version='1.0' encoding='UTF-8'?>
<artifactory-file>
  <repoPath>
    <repoKey>docker-local</repoKey>
    <path>patchy/latest/sha256__202e9f096ddfada0be45c8a182ad13218259d1db307a580d057287dbcdae946f</path>
    <folder>false</folder>
  </repoPath>
  <name>sha256__202e9f096ddfada0be45c8a182ad13218259d1db307a580d057287dbcdae946f</name>
  <created>1580943517929</created>
  <lastModified>1580943509790</lastModified>
  <size>46408860</size>
  <additionalInfo>
    <createdBy>manojt</createdBy>
    <modifiedBy>manojt</modifiedBy>
    <lastUpdated>1585119942287</lastUpdated>
    <checksumsInfo>
      <checksums>
        <checksum>
          <type>sha1</type>
          <actual>fef592fb6c51f775a15d1b9eff4794749d352e64</actual>
        </checksum>
        <checksum>
          <type>md5</type>
          <actual>3612fd9abe6664dab63f9053fada3bc3</actual>
        </checksum>
        <checksum>
          <type>sha256</type>
          <original>NO_ORIG</original>
          <actual>202e9f096ddfada0be45c8a182ad13218259d1db307a580d057287dbcdae946f</actual>
        </checksum>
      </checksums>
    </checksumsInfo>
  </additionalInfo>
</artifactory-file>