<?xml version='1.0' encoding='UTF-8'?>
<artifactory-file>
  <repoPath>
    <repoKey>generic-local</repoKey>
    <path>121103.zip</path>
    <folder>false</folder>
  </repoPath>
  <name>121103.zip</name>
  <created>1576796099546</created>
  <lastModified>1576796097098</lastModified>
  <size>4866048</size>
  <additionalInfo>
    <createdBy>admin</createdBy>
    <modifiedBy>admin</modifiedBy>
    <lastUpdated>1585117466011</lastUpdated>
    <checksumsInfo>
      <checksums>
        <checksum>
          <type>sha1</type>
          <original>0b6e2d7ab72e02c4504a8e92f0c8e144f822143f</original>
          <actual>0b6e2d7ab72e02c4504a8e92f0c8e144f822143f</actual>
        </checksum>
        <checksum>
          <type>md5</type>
          <original>183dc18b66bed38f01dc76d849718839</original>
          <actual>183dc18b66bed38f01dc76d849718839</actual>
        </checksum>
        <checksum>
          <type>sha256</type>
          <original>NO_ORIG</original>
          <actual>8b61245ea832189787ed6fc574d45d4fb03f5b76b4dcbb9ee113bd86ef391512</actual>
        </checksum>
      </checksums>
    </checksumsInfo>
  </additionalInfo>
</artifactory-file>