<?xml version='1.0' encoding='UTF-8'?>
<artifactory-file>
  <repoPath>
    <repoKey>docker-local</repoKey>
    <path>testnew117805/5/sha256__80369df487363e56aea88d4d41b61f1607fc2ec198e9327cfde36a5346c71bf2</path>
    <folder>false</folder>
  </repoPath>
  <name>sha256__80369df487363e56aea88d4d41b61f1607fc2ec198e9327cfde36a5346c71bf2</name>
  <created>1573602166857</created>
  <lastModified>1573602152893</lastModified>
  <size>22524636</size>
  <additionalInfo>
    <createdBy>admin</createdBy>
    <modifiedBy>admin</modifiedBy>
    <lastUpdated>1585120121566</lastUpdated>
    <checksumsInfo>
      <checksums>
        <checksum>
          <type>sha1</type>
          <original>NO_ORIG</original>
          <actual>1a8341781a2e8a8d85dc25556afe7b1cf3f56ccd</actual>
        </checksum>
        <checksum>
          <type>md5</type>
          <original>NO_ORIG</original>
          <actual>6b8815f804a384a5340fc64d14e17923</actual>
        </checksum>
        <checksum>
          <type>sha256</type>
          <original>NO_ORIG</original>
          <actual>80369df487363e56aea88d4d41b61f1607fc2ec198e9327cfde36a5346c71bf2</actual>
        </checksum>
      </checksums>
    </checksumsInfo>
  </additionalInfo>
</artifactory-file>