<?xml version='1.0' encoding='UTF-8'?>
<artifactory-file>
  <repoPath>
    <repoKey>docker-local</repoKey>
    <path>vkbtest/latest/sha256__9dd602117d6b488ad86da824b1da2d60c74224423e0a9ff5b2cbc9a23b0de73b</path>
    <folder>false</folder>
  </repoPath>
  <name>sha256__9dd602117d6b488ad86da824b1da2d60c74224423e0a9ff5b2cbc9a23b0de73b</name>
  <created>1570640070945</created>
  <lastModified>1570640070894</lastModified>
  <size>5193</size>
  <additionalInfo>
    <createdBy>admin</createdBy>
    <modifiedBy>admin</modifiedBy>
    <lastUpdated>1585120182230</lastUpdated>
    <checksumsInfo>
      <checksums>
        <checksum>
          <type>sha1</type>
          <actual>02cba63fb42c5bad5da6d73a622d1fe974a9d8d6</actual>
        </checksum>
        <checksum>
          <type>md5</type>
          <actual>7c6a6cddfdbc628a7350df2539759833</actual>
        </checksum>
        <checksum>
          <type>sha256</type>
          <original>NO_ORIG</original>
          <actual>9dd602117d6b488ad86da824b1da2d60c74224423e0a9ff5b2cbc9a23b0de73b</actual>
        </checksum>
      </checksums>
    </checksumsInfo>
  </additionalInfo>
</artifactory-file>