<?xml version='1.0' encoding='UTF-8'?>
<artifactory-file>
  <repoPath>
    <repoKey>docker-local</repoKey>
    <path>large10gpart1/latest/sha256__8c3b70e3904492c753652606df4726430426f42ea56e06ea924d6fea7ae162a1</path>
    <folder>false</folder>
  </repoPath>
  <name>sha256__8c3b70e3904492c753652606df4726430426f42ea56e06ea924d6fea7ae162a1</name>
  <created>1576003047850</created>
  <lastModified>1576003047834</lastModified>
  <size>845</size>
  <additionalInfo>
    <createdBy>admin</createdBy>
    <modifiedBy>admin</modifiedBy>
    <lastUpdated>1585119748561</lastUpdated>
    <checksumsInfo>
      <checksums>
        <checksum>
          <type>sha1</type>
          <actual>6ad1e52de7e0ec38cb875e05c5f5253b5f3e39db</actual>
        </checksum>
        <checksum>
          <type>md5</type>
          <actual>334b3b56602a64364e296169a6103c79</actual>
        </checksum>
        <checksum>
          <type>sha256</type>
          <original>NO_ORIG</original>
          <actual>8c3b70e3904492c753652606df4726430426f42ea56e06ea924d6fea7ae162a1</actual>
        </checksum>
      </checksums>
    </checksumsInfo>
  </additionalInfo>
</artifactory-file>