<?xml version='1.0' encoding='UTF-8'?>
<artifactory-file>
  <repoPath>
    <repoKey>docker-local</repoKey>
    <path>jfmc-installer/latest/sha256__ab88471e705a9cc3607774f3d578b726c3e53db2f913d4d591b1d83e2719fc7e</path>
    <folder>false</folder>
  </repoPath>
  <name>sha256__ab88471e705a9cc3607774f3d578b726c3e53db2f913d4d591b1d83e2719fc7e</name>
  <created>1517247407834</created>
  <lastModified>1517247407832</lastModified>
  <size>829</size>
  <additionalInfo>
    <createdBy>admin</createdBy>
    <modifiedBy>admin</modifiedBy>
    <lastUpdated>1585119678191</lastUpdated>
    <checksumsInfo>
      <checksums>
        <checksum>
          <type>sha1</type>
          <original>68362645b93a3d3b6ca335f68f75288c245f90c3</original>
          <actual>68362645b93a3d3b6ca335f68f75288c245f90c3</actual>
        </checksum>
        <checksum>
          <type>md5</type>
          <original>c37a3e2341855b477d70bc881eb4409c</original>
          <actual>c37a3e2341855b477d70bc881eb4409c</actual>
        </checksum>
        <checksum>
          <type>sha256</type>
          <original>NO_ORIG</original>
          <actual>ab88471e705a9cc3607774f3d578b726c3e53db2f913d4d591b1d83e2719fc7e</actual>
        </checksum>
      </checksums>
    </checksumsInfo>
  </additionalInfo>
</artifactory-file>