<?xml version='1.0' encoding='UTF-8'?>
<artifactory-file>
  <repoPath>
    <repoKey>docker-local</repoKey>
    <path>mysql/latest/sha256__661fabfb4fc2fad5f658378fda5b6bbd7540f7b95338946953178cc9b168354a</path>
    <folder>false</folder>
  </repoPath>
  <name>sha256__661fabfb4fc2fad5f658378fda5b6bbd7540f7b95338946953178cc9b168354a</name>
  <created>1521665822789</created>
  <lastModified>1521665822784</lastModified>
  <size>121</size>
  <additionalInfo>
    <createdBy>admin</createdBy>
    <modifiedBy>admin</modifiedBy>
    <lastUpdated>1585119887133</lastUpdated>
    <checksumsInfo>
      <checksums>
        <checksum>
          <type>sha1</type>
          <original>83ca1549c9916300b543faa6173f6fff64d52892</original>
          <actual>83ca1549c9916300b543faa6173f6fff64d52892</actual>
        </checksum>
        <checksum>
          <type>md5</type>
          <original>e3ec175ec8353c79dbf08f268b538699</original>
          <actual>e3ec175ec8353c79dbf08f268b538699</actual>
        </checksum>
        <checksum>
          <type>sha256</type>
          <original>NO_ORIG</original>
          <actual>661fabfb4fc2fad5f658378fda5b6bbd7540f7b95338946953178cc9b168354a</actual>
        </checksum>
      </checksums>
    </checksumsInfo>
  </additionalInfo>
</artifactory-file>