<?xml version='1.0' encoding='UTF-8'?>
<artifactory-file>
  <repoPath>
    <repoKey>docker-local</repoKey>
    <path>jfmc-installer/latest/sha256__2c5161d4c96ca0796db53a9eeb5c4328a0bfc7c0c853d47957762ea83b888dc9</path>
    <folder>false</folder>
  </repoPath>
  <name>sha256__2c5161d4c96ca0796db53a9eeb5c4328a0bfc7c0c853d47957762ea83b888dc9</name>
  <created>1521757380201</created>
  <lastModified>1521757339891</lastModified>
  <size>183109092</size>
  <additionalInfo>
    <createdBy>admin</createdBy>
    <modifiedBy>admin</modifiedBy>
    <lastUpdated>1585119645192</lastUpdated>
    <checksumsInfo>
      <checksums>
        <checksum>
          <type>sha1</type>
          <original>aae14385587646f14e15ec7e6203e974b9f9a740</original>
          <actual>aae14385587646f14e15ec7e6203e974b9f9a740</actual>
        </checksum>
        <checksum>
          <type>md5</type>
          <original>42fa2e5f51980cd8607f335a2b8fefc2</original>
          <actual>42fa2e5f51980cd8607f335a2b8fefc2</actual>
        </checksum>
        <checksum>
          <type>sha256</type>
          <original>NO_ORIG</original>
          <actual>2c5161d4c96ca0796db53a9eeb5c4328a0bfc7c0c853d47957762ea83b888dc9</actual>
        </checksum>
      </checksums>
    </checksumsInfo>
  </additionalInfo>
</artifactory-file>