<?xml version='1.0' encoding='UTF-8'?>
<artifactory-file>
  <repoPath>
    <repoKey>docker-local</repoKey>
    <path>large10gpart1/latest/sha256__83ffabd1d197cd189b274b4b16a5f66b3e6bb24ba48266420753b31f5b044d0d</path>
    <folder>false</folder>
  </repoPath>
  <name>sha256__83ffabd1d197cd189b274b4b16a5f66b3e6bb24ba48266420753b31f5b044d0d</name>
  <created>1576618916347</created>
  <lastModified>1576618916143</lastModified>
  <size>389</size>
  <additionalInfo>
    <createdBy>admin</createdBy>
    <modifiedBy>admin</modifiedBy>
    <lastUpdated>1585119747062</lastUpdated>
    <checksumsInfo>
      <checksums>
        <checksum>
          <type>sha1</type>
          <actual>81c79872add4f34672226b82b1b5b5ffbddc697b</actual>
        </checksum>
        <checksum>
          <type>md5</type>
          <actual>78dd288c192a5c5856ea62db36ff5076</actual>
        </checksum>
        <checksum>
          <type>sha256</type>
          <original>NO_ORIG</original>
          <actual>83ffabd1d197cd189b274b4b16a5f66b3e6bb24ba48266420753b31f5b044d0d</actual>
        </checksum>
      </checksums>
    </checksumsInfo>
  </additionalInfo>
</artifactory-file>