<?xml version='1.0' encoding='UTF-8'?>
<artifactory-file>
  <repoPath>
    <repoKey>docker-local</repoKey>
    <path>composer/latest/sha256__2f5aa494661d4ce499e894e1ff4107c24fa7d5ccb23bf1e3c8240f547a9c3993</path>
    <folder>false</folder>
  </repoPath>
  <name>sha256__2f5aa494661d4ce499e894e1ff4107c24fa7d5ccb23bf1e3c8240f547a9c3993</name>
  <created>1522554297209</created>
  <lastModified>1522554296803</lastModified>
  <size>1386596</size>
  <additionalInfo>
    <createdBy>admin</createdBy>
    <modifiedBy>admin</modifiedBy>
    <lastUpdated>1585119310505</lastUpdated>
    <checksumsInfo>
      <checksums>
        <checksum>
          <type>sha1</type>
          <original>5a5862c8176bd990719ecc4155c31708737c5cd1</original>
          <actual>5a5862c8176bd990719ecc4155c31708737c5cd1</actual>
        </checksum>
        <checksum>
          <type>md5</type>
          <original>87f5560e95168e5731b84f94bc0359b7</original>
          <actual>87f5560e95168e5731b84f94bc0359b7</actual>
        </checksum>
        <checksum>
          <type>sha256</type>
          <original>NO_ORIG</original>
          <actual>2f5aa494661d4ce499e894e1ff4107c24fa7d5ccb23bf1e3c8240f547a9c3993</actual>
        </checksum>
      </checksums>
    </checksumsInfo>
  </additionalInfo>
</artifactory-file>