<?xml version='1.0' encoding='UTF-8'?>
<artifactory-file>
  <repoPath>
    <repoKey>docker-local</repoKey>
    <path>teamcity/latest/sha256__4bc402a00dfed189b43794282aaa5d84a3b9b548bc81d901a5a2c85721c855de</path>
    <folder>false</folder>
  </repoPath>
  <name>sha256__4bc402a00dfed189b43794282aaa5d84a3b9b548bc81d901a5a2c85721c855de</name>
  <created>1570122232203</created>
  <lastModified>1570122231775</lastModified>
  <size>289664</size>
  <additionalInfo>
    <createdBy>admin</createdBy>
    <modifiedBy>admin</modifiedBy>
    <lastUpdated>1585119997262</lastUpdated>
    <checksumsInfo>
      <checksums>
        <checksum>
          <type>sha1</type>
          <actual>b79a802a2d5c91c7cd8cf5b45525a57b18c72f7a</actual>
        </checksum>
        <checksum>
          <type>md5</type>
          <actual>f8a93523e4ce8d867eba244cd6a0d523</actual>
        </checksum>
        <checksum>
          <type>sha256</type>
          <original>NO_ORIG</original>
          <actual>4bc402a00dfed189b43794282aaa5d84a3b9b548bc81d901a5a2c85721c855de</actual>
        </checksum>
      </checksums>
    </checksumsInfo>
  </additionalInfo>
</artifactory-file>