<?xml version='1.0' encoding='UTF-8'?>
<artifactory-file>
  <repoPath>
    <repoKey>docker-local</repoKey>
    <path>jfmc-installer/latest/sha256__53578522e900c37e9525323d2e39b5324b8fba2d38d4192d4c9799021d7246bf</path>
    <folder>false</folder>
  </repoPath>
  <name>sha256__53578522e900c37e9525323d2e39b5324b8fba2d38d4192d4c9799021d7246bf</name>
  <created>1517247407492</created>
  <lastModified>1517247407035</lastModified>
  <size>585899</size>
  <additionalInfo>
    <createdBy>admin</createdBy>
    <modifiedBy>admin</modifiedBy>
    <lastUpdated>1585119650208</lastUpdated>
    <checksumsInfo>
      <checksums>
        <checksum>
          <type>sha1</type>
          <original>074acc5fffc4faa5e2f040df63b4f7184af8645b</original>
          <actual>074acc5fffc4faa5e2f040df63b4f7184af8645b</actual>
        </checksum>
        <checksum>
          <type>md5</type>
          <original>ed2497e4b87c753129ca652d83320eb2</original>
          <actual>ed2497e4b87c753129ca652d83320eb2</actual>
        </checksum>
        <checksum>
          <type>sha256</type>
          <original>NO_ORIG</original>
          <actual>53578522e900c37e9525323d2e39b5324b8fba2d38d4192d4c9799021d7246bf</actual>
        </checksum>
      </checksums>
    </checksumsInfo>
  </additionalInfo>
</artifactory-file>