<?xml version='1.0' encoding='UTF-8'?>
<artifactory-file>
  <repoPath>
    <repoKey>docker-local</repoKey>
    <path>jfmc-installer/latest/sha256__beafb778b455342bb1e87b977fed46c83e5bbeef3fd82ddf7c3038af55aa963a</path>
    <folder>false</folder>
  </repoPath>
  <name>sha256__beafb778b455342bb1e87b977fed46c83e5bbeef3fd82ddf7c3038af55aa963a</name>
  <created>1517247407825</created>
  <lastModified>1517247407823</lastModified>
  <size>887</size>
  <additionalInfo>
    <createdBy>admin</createdBy>
    <modifiedBy>admin</modifiedBy>
    <lastUpdated>1585119685586</lastUpdated>
    <checksumsInfo>
      <checksums>
        <checksum>
          <type>sha1</type>
          <original>4b1a65b78652cd2062842c40976f9f0d408f87b4</original>
          <actual>4b1a65b78652cd2062842c40976f9f0d408f87b4</actual>
        </checksum>
        <checksum>
          <type>md5</type>
          <original>ce151fafecec8eb81eb648c93593bc43</original>
          <actual>ce151fafecec8eb81eb648c93593bc43</actual>
        </checksum>
        <checksum>
          <type>sha256</type>
          <original>NO_ORIG</original>
          <actual>beafb778b455342bb1e87b977fed46c83e5bbeef3fd82ddf7c3038af55aa963a</actual>
        </checksum>
      </checksums>
    </checksumsInfo>
  </additionalInfo>
</artifactory-file>