<?xml version='1.0' encoding='UTF-8'?>
<artifactory-file>
  <repoPath>
    <repoKey>docker-local</repoKey>
    <path>nugettest/latest/sha256__a5f7371bd9664a2361896ce1e6fa3ca239a44321a5b85828dc6454529e612003</path>
    <folder>false</folder>
  </repoPath>
  <name>sha256__a5f7371bd9664a2361896ce1e6fa3ca239a44321a5b85828dc6454529e612003</name>
  <created>1583438891921</created>
  <lastModified>1583438891015</lastModified>
  <size>3417773</size>
  <additionalInfo>
    <createdBy>mattheww</createdBy>
    <modifiedBy>mattheww</modifiedBy>
    <lastUpdated>1585119933328</lastUpdated>
    <checksumsInfo>
      <checksums>
        <checksum>
          <type>sha1</type>
          <actual>09b62e8afbef0d918a9e73bd624f15d7f6720092</actual>
        </checksum>
        <checksum>
          <type>md5</type>
          <actual>2ee2215c341bc33b2821d72d782f934c</actual>
        </checksum>
        <checksum>
          <type>sha256</type>
          <original>NO_ORIG</original>
          <actual>a5f7371bd9664a2361896ce1e6fa3ca239a44321a5b85828dc6454529e612003</actual>
        </checksum>
      </checksums>
    </checksumsInfo>
  </additionalInfo>
</artifactory-file>