<?xml version='1.0' encoding='UTF-8'?>
<artifactory-file>
  <repoPath>
    <repoKey>docker-local</repoKey>
    <path>vkbtest/latest/sha256__4940f062863f19987c43e3e40751e0609f70d837e8d4e16ffae19cdd23621f05</path>
    <folder>false</folder>
  </repoPath>
  <name>sha256__4940f062863f19987c43e3e40751e0609f70d837e8d4e16ffae19cdd23621f05</name>
  <created>1570640170008</created>
  <lastModified>1570640070814</lastModified>
  <size>159721376</size>
  <additionalInfo>
    <createdBy>admin</createdBy>
    <modifiedBy>admin</modifiedBy>
    <lastUpdated>1585120145151</lastUpdated>
    <checksumsInfo>
      <checksums>
        <checksum>
          <type>sha1</type>
          <actual>9d88ed99ee7d8e11490f93dae0c1db348cf24d71</actual>
        </checksum>
        <checksum>
          <type>md5</type>
          <actual>3503ff268ddcb03ef94ee4f074a82b9b</actual>
        </checksum>
        <checksum>
          <type>sha256</type>
          <original>NO_ORIG</original>
          <actual>4940f062863f19987c43e3e40751e0609f70d837e8d4e16ffae19cdd23621f05</actual>
        </checksum>
      </checksums>
    </checksumsInfo>
  </additionalInfo>
</artifactory-file>