<?xml version='1.0' encoding='UTF-8'?>
<artifactory-file>
  <repoPath>
    <repoKey>docker-local</repoKey>
    <path>patchy/latest/sha256__ab5ef0e5819490abe86106fd9f4381123e37a03e80e650be39f7938d30ecb530</path>
    <folder>false</folder>
  </repoPath>
  <name>sha256__ab5ef0e5819490abe86106fd9f4381123e37a03e80e650be39f7938d30ecb530</name>
  <created>1580427465026</created>
  <lastModified>1580427451355</lastModified>
  <size>75780712</size>
  <additionalInfo>
    <createdBy>manojt</createdBy>
    <modifiedBy>manojt</modifiedBy>
    <lastUpdated>1585119943051</lastUpdated>
    <checksumsInfo>
      <checksums>
        <checksum>
          <type>sha1</type>
          <original>NO_ORIG</original>
          <actual>dbf972609588779396ed6d4f519f35fd4b0f3733</actual>
        </checksum>
        <checksum>
          <type>md5</type>
          <original>NO_ORIG</original>
          <actual>4cdc121d9c8019e892a8616ac4a7d9d8</actual>
        </checksum>
        <checksum>
          <type>sha256</type>
          <original>NO_ORIG</original>
          <actual>ab5ef0e5819490abe86106fd9f4381123e37a03e80e650be39f7938d30ecb530</actual>
        </checksum>
      </checksums>
    </checksumsInfo>
  </additionalInfo>
</artifactory-file>