<?xml version='1.0' encoding='UTF-8'?>
<artifactory-file>
  <repoPath>
    <repoKey>generic-local</repoKey>
    <path>html.html</path>
    <folder>false</folder>
  </repoPath>
  <name>html.html</name>
  <created>1555620424467</created>
  <lastModified>1555620423304</lastModified>
  <size>401</size>
  <additionalInfo>
    <createdBy>admin</createdBy>
    <modifiedBy>admin</modifiedBy>
    <lastUpdated>1585117521236</lastUpdated>
    <checksumsInfo>
      <checksums>
        <checksum>
          <type>sha1</type>
          <original>de2ea23793cf4b121752e71f5afdf395f9c38075</original>
          <actual>de2ea23793cf4b121752e71f5afdf395f9c38075</actual>
        </checksum>
        <checksum>
          <type>md5</type>
          <original>dd2118cc4698a86aae242bb35866d2d5</original>
          <actual>dd2118cc4698a86aae242bb35866d2d5</actual>
        </checksum>
        <checksum>
          <type>sha256</type>
          <original>NO_ORIG</original>
          <actual>29b24debc6e1b12a499af0993284f767a20afe72065d52b4e04ebca61daac9f1</actual>
        </checksum>
      </checksums>
    </checksumsInfo>
  </additionalInfo>
</artifactory-file>