<?xml version='1.0' encoding='UTF-8'?>
<artifactory-file>
  <repoPath>
    <repoKey>docker-local</repoKey>
    <path>registry/latest/sha256__169185f82c45a6eb72e0ca4ee66152626e7ace92a0cbc53624fb46d0a553f0bd</path>
    <folder>false</folder>
  </repoPath>
  <name>sha256__169185f82c45a6eb72e0ca4ee66152626e7ace92a0cbc53624fb46d0a553f0bd</name>
  <created>1553222727149</created>
  <lastModified>1553222726364</lastModified>
  <size>2207038</size>
  <additionalInfo>
    <createdBy>admin</createdBy>
    <modifiedBy>admin</modifiedBy>
    <lastUpdated>1585119949955</lastUpdated>
    <checksumsInfo>
      <checksums>
        <checksum>
          <type>sha1</type>
          <actual>95f6a466299ba34c0432d212f1860b7f1f5882e2</actual>
        </checksum>
        <checksum>
          <type>md5</type>
          <actual>a5f2bbd4f89cf0464b62e766c41a7f43</actual>
        </checksum>
        <checksum>
          <type>sha256</type>
          <original>NO_ORIG</original>
          <actual>169185f82c45a6eb72e0ca4ee66152626e7ace92a0cbc53624fb46d0a553f0bd</actual>
        </checksum>
      </checksums>
    </checksumsInfo>
  </additionalInfo>
</artifactory-file>