<?xml version='1.0' encoding='UTF-8'?>
<artifactory-file>
  <repoPath>
    <repoKey>docker-local</repoKey>
    <path>mysql/latest/sha256__6d16794d04aca6292d3d88831bcb1dcbb61ad290947076a054c07a82cfced739</path>
    <folder>false</folder>
  </repoPath>
  <name>sha256__6d16794d04aca6292d3d88831bcb1dcbb61ad290947076a054c07a82cfced739</name>
  <created>1521665833802</created>
  <lastModified>1521665823634</lastModified>
  <size>12089546</size>
  <additionalInfo>
    <createdBy>admin</createdBy>
    <modifiedBy>admin</modifiedBy>
    <lastUpdated>1585119890824</lastUpdated>
    <checksumsInfo>
      <checksums>
        <checksum>
          <type>sha1</type>
          <original>3c54aa3777637ffefe159311e8266086d41e71a3</original>
          <actual>3c54aa3777637ffefe159311e8266086d41e71a3</actual>
        </checksum>
        <checksum>
          <type>md5</type>
          <original>4caf934c51ca603e0d5170b23c80a0b9</original>
          <actual>4caf934c51ca603e0d5170b23c80a0b9</actual>
        </checksum>
        <checksum>
          <type>sha256</type>
          <original>NO_ORIG</original>
          <actual>6d16794d04aca6292d3d88831bcb1dcbb61ad290947076a054c07a82cfced739</actual>
        </checksum>
      </checksums>
    </checksumsInfo>
  </additionalInfo>
</artifactory-file>