<?xml version='1.0' encoding='UTF-8'?>
<artifactory-file>
  <repoPath>
    <repoKey>docker-local</repoKey>
    <path>composer/latest/sha256__c239e8969f75ab88c0fc924ac33cd5e0ffa91a424ab264a490fb637451d435b8</path>
    <folder>false</folder>
  </repoPath>
  <name>sha256__c239e8969f75ab88c0fc924ac33cd5e0ffa91a424ab264a490fb637451d435b8</name>
  <created>1521501307543</created>
  <lastModified>1521501307541</lastModified>
  <size>2167</size>
  <additionalInfo>
    <createdBy>admin</createdBy>
    <modifiedBy>admin</modifiedBy>
    <lastUpdated>1585119324719</lastUpdated>
    <checksumsInfo>
      <checksums>
        <checksum>
          <type>sha1</type>
          <original>a7e9bfbfeb864bb9dee09f6c55391da3617b8d35</original>
          <actual>a7e9bfbfeb864bb9dee09f6c55391da3617b8d35</actual>
        </checksum>
        <checksum>
          <type>md5</type>
          <original>bf035d6bd95cbb12ac99c6019ff8c65e</original>
          <actual>bf035d6bd95cbb12ac99c6019ff8c65e</actual>
        </checksum>
        <checksum>
          <type>sha256</type>
          <original>NO_ORIG</original>
          <actual>c239e8969f75ab88c0fc924ac33cd5e0ffa91a424ab264a490fb637451d435b8</actual>
        </checksum>
      </checksums>
    </checksumsInfo>
  </additionalInfo>
</artifactory-file>