<?xml version='1.0' encoding='UTF-8'?>
<artifactory-file>
  <repoPath>
    <repoKey>docker-local</repoKey>
    <path>vkbtest/latest/sha256__02a1a6c83e60bbd32a9dc26ac4b82dd9a882f14db302450e385faca823e9b56a</path>
    <folder>false</folder>
  </repoPath>
  <name>sha256__02a1a6c83e60bbd32a9dc26ac4b82dd9a882f14db302450e385faca823e9b56a</name>
  <created>1570640072749</created>
  <lastModified>1570640071803</lastModified>
  <size>1598367</size>
  <additionalInfo>
    <createdBy>admin</createdBy>
    <modifiedBy>admin</modifiedBy>
    <lastUpdated>1585120128316</lastUpdated>
    <checksumsInfo>
      <checksums>
        <checksum>
          <type>sha1</type>
          <actual>a779c3bdd01b5f4443138dbcfa0db5bb8fa4244f</actual>
        </checksum>
        <checksum>
          <type>md5</type>
          <actual>d4791b87034bfb919a1e191352095345</actual>
        </checksum>
        <checksum>
          <type>sha256</type>
          <original>NO_ORIG</original>
          <actual>02a1a6c83e60bbd32a9dc26ac4b82dd9a882f14db302450e385faca823e9b56a</actual>
        </checksum>
      </checksums>
    </checksumsInfo>
  </additionalInfo>
</artifactory-file>