<?xml version='1.0' encoding='UTF-8'?>
<artifactory-file>
  <repoPath>
    <repoKey>docker-local</repoKey>
    <path>teamcity/latest/sha256__c36604fa79391bd9451d544c5503da6b56125d5178f56b2b1559d02055b708d1</path>
    <folder>false</folder>
  </repoPath>
  <name>sha256__c36604fa79391bd9451d544c5503da6b56125d5178f56b2b1559d02055b708d1</name>
  <created>1570122252194</created>
  <lastModified>1570122238989</lastModified>
  <size>19192681</size>
  <additionalInfo>
    <createdBy>admin</createdBy>
    <modifiedBy>admin</modifiedBy>
    <lastUpdated>1585120014420</lastUpdated>
    <checksumsInfo>
      <checksums>
        <checksum>
          <type>sha1</type>
          <actual>8eafc9597770710cfb942074c8b8a305286993d5</actual>
        </checksum>
        <checksum>
          <type>md5</type>
          <actual>9b2ecc48913fa380c9e3afee96f9d2d3</actual>
        </checksum>
        <checksum>
          <type>sha256</type>
          <original>NO_ORIG</original>
          <actual>c36604fa79391bd9451d544c5503da6b56125d5178f56b2b1559d02055b708d1</actual>
        </checksum>
      </checksums>
    </checksumsInfo>
  </additionalInfo>
</artifactory-file>