<?xml version='1.0' encoding='UTF-8'?>
<artifactory-file>
  <repoPath>
    <repoKey>docker-local</repoKey>
    <path>ubuntu/bionic/sha256__b054a26005b7f3b032577f811421fab5ec3b42ce45a4012dfa00cf6ed6191b0f</path>
    <folder>false</folder>
  </repoPath>
  <name>sha256__b054a26005b7f3b032577f811421fab5ec3b42ce45a4012dfa00cf6ed6191b0f</name>
  <created>1585118801724</created>
  <lastModified>1585118801717</lastModified>
  <size>162</size>
  <additionalInfo>
    <createdBy>admin</createdBy>
    <modifiedBy>admin</modifiedBy>
    <lastUpdated>1585118801724</lastUpdated>
    <checksumsInfo>
      <checksums>
        <checksum>
          <type>sha1</type>
          <actual>50c6d98da7a8fb4ac3dfacd0b8318508c094549c</actual>
        </checksum>
        <checksum>
          <type>md5</type>
          <actual>0a868a7b1c32b27ed16383a75e0ce436</actual>
        </checksum>
        <checksum>
          <type>sha256</type>
          <original>NO_ORIG</original>
          <actual>b054a26005b7f3b032577f811421fab5ec3b42ce45a4012dfa00cf6ed6191b0f</actual>
        </checksum>
      </checksums>
    </checksumsInfo>
  </additionalInfo>
</artifactory-file>