<?xml version='1.0' encoding='UTF-8'?>
<artifactory-file>
  <repoPath>
    <repoKey>docker-local</repoKey>
    <path>mysql/latest/manifest.json</path>
    <folder>false</folder>
  </repoPath>
  <name>manifest.json</name>
  <created>1521665841129</created>
  <lastModified>1521665841125</lastModified>
  <size>2621</size>
  <additionalInfo>
    <createdBy>admin</createdBy>
    <modifiedBy>admin</modifiedBy>
    <lastUpdated>1585119881574</lastUpdated>
    <checksumsInfo>
      <checksums>
        <checksum>
          <type>sha1</type>
          <original>235116daf2b1a7b2c714b6e410950420d26ea6d7</original>
          <actual>235116daf2b1a7b2c714b6e410950420d26ea6d7</actual>
        </checksum>
        <checksum>
          <type>md5</type>
          <original>439bb27cc3484b2bd6628843017ed702</original>
          <actual>439bb27cc3484b2bd6628843017ed702</actual>
        </checksum>
        <checksum>
          <type>sha256</type>
          <original>NO_ORIG</original>
          <actual>b250e6533dce56ca4c7c629fcbf5b2b5e8e60ba3eaea5ace37a5e12b4eb23bc0</actual>
        </checksum>
      </checksums>
    </checksumsInfo>
  </additionalInfo>
</artifactory-file>