<?xml version='1.0' encoding='UTF-8'?>
<artifactory-file>
  <repoPath>
    <repoKey>docker-local</repoKey>
    <path>vkbtest/latest/sha256__64ab19eccc34669d84c4d7743704fb56614caf9c8a52c641ea60383dcd7d9115</path>
    <folder>false</folder>
  </repoPath>
  <name>sha256__64ab19eccc34669d84c4d7743704fb56614caf9c8a52c641ea60383dcd7d9115</name>
  <created>1570640070901</created>
  <lastModified>1570640070870</lastModified>
  <size>965</size>
  <additionalInfo>
    <createdBy>admin</createdBy>
    <modifiedBy>admin</modifiedBy>
    <lastUpdated>1585120149456</lastUpdated>
    <checksumsInfo>
      <checksums>
        <checksum>
          <type>sha1</type>
          <actual>b3202bdeb5165f66e8c51429f913f07e8c1b035e</actual>
        </checksum>
        <checksum>
          <type>md5</type>
          <actual>7abe24ebd657bfbda2e35d73c16e0cff</actual>
        </checksum>
        <checksum>
          <type>sha256</type>
          <original>NO_ORIG</original>
          <actual>64ab19eccc34669d84c4d7743704fb56614caf9c8a52c641ea60383dcd7d9115</actual>
        </checksum>
      </checksums>
    </checksumsInfo>
  </additionalInfo>
</artifactory-file>