<?xml version='1.0' encoding='UTF-8'?>
<artifactory-file>
  <repoPath>
    <repoKey>docker-local</repoKey>
    <path>teamcity/latest/manifest.json</path>
    <folder>false</folder>
  </repoPath>
  <name>manifest.json</name>
  <created>1570122444365</created>
  <lastModified>1570122444346</lastModified>
  <size>2628</size>
  <additionalInfo>
    <createdBy>admin</createdBy>
    <modifiedBy>admin</modifiedBy>
    <lastUpdated>1585119975209</lastUpdated>
    <checksumsInfo>
      <checksums>
        <checksum>
          <type>sha1</type>
          <actual>369ee1c00f300f1fc5947e5ca78a67380f42062c</actual>
        </checksum>
        <checksum>
          <type>md5</type>
          <actual>1f84574420b87f7679762c1f3d906549</actual>
        </checksum>
        <checksum>
          <type>sha256</type>
          <original>NO_ORIG</original>
          <actual>23986eb178e12de99cc477f1fc2091f86154c1e2aa24bdf06b4002641571961d</actual>
        </checksum>
      </checksums>
    </checksumsInfo>
  </additionalInfo>
</artifactory-file>