<?xml version='1.0' encoding='UTF-8'?>
<artifactory-file>
  <repoPath>
    <repoKey>docker-local</repoKey>
    <path>jfmc-installer/latest/sha256__020bd125a035375398f0049f0712f72cbe41eacc65005c23d2e63ab0316529ad</path>
    <folder>false</folder>
  </repoPath>
  <name>sha256__020bd125a035375398f0049f0712f72cbe41eacc65005c23d2e63ab0316529ad</name>
  <created>1521757341368</created>
  <lastModified>1521757338136</lastModified>
  <size>10094772</size>
  <additionalInfo>
    <createdBy>admin</createdBy>
    <modifiedBy>admin</modifiedBy>
    <lastUpdated>1585119623939</lastUpdated>
    <checksumsInfo>
      <checksums>
        <checksum>
          <type>sha1</type>
          <original>b1c2a6a740ed81241e001d0aa4d8205ba3889788</original>
          <actual>b1c2a6a740ed81241e001d0aa4d8205ba3889788</actual>
        </checksum>
        <checksum>
          <type>md5</type>
          <original>67bcb413acc93de55d40d566ea6622ec</original>
          <actual>67bcb413acc93de55d40d566ea6622ec</actual>
        </checksum>
        <checksum>
          <type>sha256</type>
          <original>NO_ORIG</original>
          <actual>020bd125a035375398f0049f0712f72cbe41eacc65005c23d2e63ab0316529ad</actual>
        </checksum>
      </checksums>
    </checksumsInfo>
  </additionalInfo>
</artifactory-file>