<?xml version='1.0' encoding='UTF-8'?>
<artifactory-file>
  <repoPath>
    <repoKey>docker-local</repoKey>
    <path>mysql/latest/sha256__c90ab4483f28f6a9e16c059e4df1f5bbc3b4b5183b4764320be7107908375648</path>
    <folder>false</folder>
  </repoPath>
  <name>sha256__c90ab4483f28f6a9e16c059e4df1f5bbc3b4b5183b4764320be7107908375648</name>
  <created>1521665833799</created>
  <lastModified>1521665823616</lastModified>
  <size>1270370</size>
  <additionalInfo>
    <createdBy>admin</createdBy>
    <modifiedBy>admin</modifiedBy>
    <lastUpdated>1585119901229</lastUpdated>
    <checksumsInfo>
      <checksums>
        <checksum>
          <type>sha1</type>
          <original>22c02a19b1fcc5cf6eb832c5fec05cd3a78f7c0d</original>
          <actual>22c02a19b1fcc5cf6eb832c5fec05cd3a78f7c0d</actual>
        </checksum>
        <checksum>
          <type>md5</type>
          <original>dbf94c95343be029c369719fc55549ec</original>
          <actual>dbf94c95343be029c369719fc55549ec</actual>
        </checksum>
        <checksum>
          <type>sha256</type>
          <original>NO_ORIG</original>
          <actual>c90ab4483f28f6a9e16c059e4df1f5bbc3b4b5183b4764320be7107908375648</actual>
        </checksum>
      </checksums>
    </checksumsInfo>
  </additionalInfo>
</artifactory-file>