<?xml version='1.0' encoding='UTF-8'?>
<artifactory-file>
  <repoPath>
    <repoKey>docker-local</repoKey>
    <path>vkbtest/latest/sha256__a77d2c91718e40b0ffb35907003d9cf150d34cd48bf46a9e36f18f0b6519fa75</path>
    <folder>false</folder>
  </repoPath>
  <name>sha256__a77d2c91718e40b0ffb35907003d9cf150d34cd48bf46a9e36f18f0b6519fa75</name>
  <created>1570640070782</created>
  <lastModified>1570640070706</lastModified>
  <size>312</size>
  <additionalInfo>
    <createdBy>admin</createdBy>
    <modifiedBy>admin</modifiedBy>
    <lastUpdated>1585120182988</lastUpdated>
    <checksumsInfo>
      <checksums>
        <checksum>
          <type>sha1</type>
          <actual>29c6925954c06289b032e7b0802da5500099a965</actual>
        </checksum>
        <checksum>
          <type>md5</type>
          <actual>95331396faf683b2b1e735aa4c834369</actual>
        </checksum>
        <checksum>
          <type>sha256</type>
          <original>NO_ORIG</original>
          <actual>a77d2c91718e40b0ffb35907003d9cf150d34cd48bf46a9e36f18f0b6519fa75</actual>
        </checksum>
      </checksums>
    </checksumsInfo>
  </additionalInfo>
</artifactory-file>