<?xml version='1.0' encoding='UTF-8'?>
<artifactory-file>
  <repoPath>
    <repoKey>docker-local</repoKey>
    <path>slackbot-v0.1.0/latest/sha256__d870913d6bed2b1230d3ff78e856f37f000dae613cd7f3a12f1791eb6f39757c</path>
    <folder>false</folder>
  </repoPath>
  <name>sha256__d870913d6bed2b1230d3ff78e856f37f000dae613cd7f3a12f1791eb6f39757c</name>
  <created>1580251446090</created>
  <lastModified>1580251446077</lastModified>
  <size>888</size>
  <additionalInfo>
    <createdBy>scott</createdBy>
    <modifiedBy>scott</modifiedBy>
    <lastUpdated>1585119972200</lastUpdated>
    <checksumsInfo>
      <checksums>
        <checksum>
          <type>sha1</type>
          <actual>850b1e0f5d7b862020dd67e7bfcd177155a1710d</actual>
        </checksum>
        <checksum>
          <type>md5</type>
          <actual>34c49c6f1dfc73c4005171cb92dfd667</actual>
        </checksum>
        <checksum>
          <type>sha256</type>
          <original>NO_ORIG</original>
          <actual>d870913d6bed2b1230d3ff78e856f37f000dae613cd7f3a12f1791eb6f39757c</actual>
        </checksum>
      </checksums>
    </checksumsInfo>
  </additionalInfo>
</artifactory-file>