<?xml version='1.0' encoding='UTF-8'?>
<artifactory-file>
  <repoPath>
    <repoKey>docker-local</repoKey>
    <path>testnew117805/5/sha256__84750b508934538b775623eb02607c002e6f8e14acda712f627da7e01516f74e</path>
    <folder>false</folder>
  </repoPath>
  <name>sha256__84750b508934538b775623eb02607c002e6f8e14acda712f627da7e01516f74e</name>
  <created>1573602155194</created>
  <lastModified>1573602151657</lastModified>
  <size>13169434</size>
  <additionalInfo>
    <createdBy>admin</createdBy>
    <modifiedBy>admin</modifiedBy>
    <lastUpdated>1585120122326</lastUpdated>
    <checksumsInfo>
      <checksums>
        <checksum>
          <type>sha1</type>
          <original>NO_ORIG</original>
          <actual>360e36f9122a730f1a29b395610ba88e906e138d</actual>
        </checksum>
        <checksum>
          <type>md5</type>
          <original>NO_ORIG</original>
          <actual>fd7c45020cbd5ba4afa20595c7177705</actual>
        </checksum>
        <checksum>
          <type>sha256</type>
          <original>NO_ORIG</original>
          <actual>84750b508934538b775623eb02607c002e6f8e14acda712f627da7e01516f74e</actual>
        </checksum>
      </checksums>
    </checksumsInfo>
  </additionalInfo>
</artifactory-file>