<?xml version='1.0' encoding='UTF-8'?>
<artifactory-file>
  <repoPath>
    <repoKey>docker-local</repoKey>
    <path>teamcity/latest/sha256__7448db3b31eb523ef8dd3651601d4c2abad0d7a6a12b9c9e85f55ed9dad0ab8e</path>
    <folder>false</folder>
  </repoPath>
  <name>sha256__7448db3b31eb523ef8dd3651601d4c2abad0d7a6a12b9c9e85f55ed9dad0ab8e</name>
  <created>1570122267318</created>
  <lastModified>1570122242405</lastModified>
  <size>52472066</size>
  <additionalInfo>
    <createdBy>admin</createdBy>
    <modifiedBy>admin</modifiedBy>
    <lastUpdated>1585120005215</lastUpdated>
    <checksumsInfo>
      <checksums>
        <checksum>
          <type>sha1</type>
          <actual>6f178b75a1a2d8cd65813850add13b3d8798e2b8</actual>
        </checksum>
        <checksum>
          <type>md5</type>
          <actual>0bd648754128c2a1d2e5948d056859a7</actual>
        </checksum>
        <checksum>
          <type>sha256</type>
          <original>NO_ORIG</original>
          <actual>7448db3b31eb523ef8dd3651601d4c2abad0d7a6a12b9c9e85f55ed9dad0ab8e</actual>
        </checksum>
      </checksums>
    </checksumsInfo>
  </additionalInfo>
</artifactory-file>