<?xml version='1.0' encoding='UTF-8'?>
<artifactory-file>
  <repoPath>
    <repoKey>docker-local</repoKey>
    <path>nugettest/latest/sha256__32f4dcec3531395ca50469cbb6cba0d2d4fed1b8b2166c83b25b2f5171c7db62</path>
    <folder>false</folder>
  </repoPath>
  <name>sha256__32f4dcec3531395ca50469cbb6cba0d2d4fed1b8b2166c83b25b2f5171c7db62</name>
  <created>1583438891425</created>
  <lastModified>1583438891336</lastModified>
  <size>35141</size>
  <additionalInfo>
    <createdBy>mattheww</createdBy>
    <modifiedBy>mattheww</modifiedBy>
    <lastUpdated>1585119924920</lastUpdated>
    <checksumsInfo>
      <checksums>
        <checksum>
          <type>sha1</type>
          <actual>a555c812aa0a120d1618f41887887993e646fb9a</actual>
        </checksum>
        <checksum>
          <type>md5</type>
          <actual>74b0625c19d72b815ed693941c7c050f</actual>
        </checksum>
        <checksum>
          <type>sha256</type>
          <original>NO_ORIG</original>
          <actual>32f4dcec3531395ca50469cbb6cba0d2d4fed1b8b2166c83b25b2f5171c7db62</actual>
        </checksum>
      </checksums>
    </checksumsInfo>
  </additionalInfo>
</artifactory-file>